timestamp,adservice,cartservice,checkoutservice,currencyservice,emailservice,frontend,paymentservice,productcatalogservice,recommendationservice,shippingservice
2023-09-24 13:40:36,,,1.0,,1.0,,1.0,,1.0,1.0
2023-09-24 13:40:41,,,1.0,,1.0,,1.0,,1.0,1.0
2023-09-24 13:40:46,,,1.0,,1.0,,1.0,,1.0,1.0
2023-09-24 13:40:51,,,1.0,,1.0,,1.0,,1.0,1.0
2023-09-24 13:40:56,,,1.0,,1.0,,1.0,,1.0,1.0
2023-09-24 13:41:01,,,1.0,,1.0,,1.0,,1.0,1.0
2023-09-24 13:41:06,,,1.0,,1.0,,1.0,,1.0,1.0
2023-09-24 13:41:11,,,1.0,,1.0,,1.0,,1.0,1.0
2023-09-24 13:41:16,,,1.0,,1.0,,1.0,,1.0,1.0
2023-09-24 13:41:21,,,1.0,,1.0,,1.0,,1.0,1.0
2023-09-24 13:41:26,,,1.0,,1.0,,1.0,,1.0,1.0
2023-09-24 13:41:31,,,1.0,,1.0,,1.0,,1.0,1.0
2023-09-24 13:41:36,,,1.0,,1.0,,1.0,,1.0,1.0
2023-09-24 13:41:41,,,1.0,,1.0,,1.0,,1.0,1.0
2023-09-24 13:41:46,,,1.0,,1.0,,1.0,,1.0,1.0
2023-09-24 13:41:51,,,1.0,,1.0,,1.0,,1.0,1.0
2023-09-24 13:41:56,,,1.0,,1.0,,1.0,,1.0,1.0
2023-09-24 13:42:01,,,1.0,,1.0,,1.0,,1.0,1.0
2023-09-24 13:42:06,1.0,,1.0,,1.0,,1.0,1.0,1.0,1.0
2023-09-24 13:42:11,1.0,1.0,1.0,,1.0,,1.0,1.0,1.0,1.0
2023-09-24 13:42:16,1.0,1.0,1.0,1.0,1.0,,1.0,1.0,1.0,1.0
2023-09-24 13:42:21,1.0,1.0,1.0,1.0,1.0,,1.0,1.0,1.0,1.0
2023-09-24 13:42:26,1.0,1.0,1.0,1.0,1.0,,1.0,1.0,1.0,1.0
2023-09-24 13:42:31,1.0,1.0,1.0,1.0,1.0,,1.0,1.0,1.0,1.0
2023-09-24 13:42:36,1.0,1.0,1.0,1.0,1.0,,1.0,1.0,1.0,1.0
2023-09-24 13:42:41,1.0,1.0,1.0,1.0,1.0,,1.0,1.0,1.0,1.0
2023-09-24 13:42:46,1.0,1.0,1.0,1.0,1.0,,1.0,1.0,1.0,1.0
2023-09-24 13:42:51,,1.0,1.0,1.0,1.0,,1.0,,1.0,1.0
2023-09-24 13:42:56,,,1.0,1.0,1.0,,1.0,,1.0,1.0
2023-09-24 13:43:01,,,1.0,,1.0,,1.0,,1.0,1.0
2023-09-24 13:43:06,,,1.0,,1.0,,1.0,,1.0,1.0
2023-09-24 13:43:11,,,1.0,,1.0,,1.0,,1.0,1.0
2023-09-24 13:43:16,,,1.0,,1.0,,1.0,,1.0,1.0
2023-09-24 13:43:21,,,1.0,,1.0,,1.0,,1.0,1.0
2023-09-24 13:43:26,,,1.0,,1.0,,1.0,,1.0,1.0
2023-09-24 13:43:31,,,1.0,,1.0,,1.0,,1.0,1.0
2023-09-24 13:43:36,,,1.0,,1.0,,1.0,,1.0,1.0
2023-09-24 13:43:41,,,1.0,,1.0,,1.0,,1.0,1.0
2023-09-24 13:43:46,,,1.0,,1.0,,1.0,,1.0,1.0
2023-09-24 13:43:51,,,1.0,,1.0,,1.0,,1.0,1.0
2023-09-24 13:43:56,,,1.0,,1.0,,1.0,,1.0,1.0
2023-09-24 13:44:01,,,1.0,,1.0,,1.0,,1.0,1.0
2023-09-24 13:44:06,,,1.0,,,,1.0,1.0,1.0,1.0
2023-09-24 13:44:11,,,1.0,,,1.0,,1.0,1.0,1.0
2023-09-24 13:44:16,1.0,1.0,,1.0,,1.0,,1.0,,
2023-09-24 13:44:21,1.0,1.0,,1.0,,1.0,,1.0,,
2023-09-24 13:44:26,1.0,1.0,,1.0,,1.0,,1.0,,
2023-09-24 13:44:31,1.0,1.0,,1.0,,1.0,,1.0,,
2023-09-24 13:44:36,1.0,1.0,,1.0,,1.0,,1.0,,
2023-09-24 13:44:41,1.0,1.0,,1.0,,1.0,,1.0,,
2023-09-24 13:44:46,1.0,1.0,,1.0,,1.0,,1.0,,
2023-09-24 13:44:51,1.0,1.0,,1.0,,1.0,,1.0,,
2023-09-24 13:44:56,1.0,1.0,,1.0,,1.0,,1.0,,
2023-09-24 13:45:01,1.0,1.0,,1.0,,1.0,,1.0,,
2023-09-24 13:45:06,1.0,1.0,,1.0,,1.0,,1.0,,
2023-09-24 13:45:11,1.0,1.0,,1.0,,1.0,,1.0,,
2023-09-24 13:45:16,1.0,1.0,,1.0,,1.0,,1.0,,
2023-09-24 13:45:21,1.0,1.0,,1.0,,1.0,,1.0,,
2023-09-24 13:45:26,1.0,1.0,,1.0,,1.0,,1.0,,
2023-09-24 13:45:31,,1.0,,,,1.0,,1.0,,
2023-09-24 13:45:36,,1.0,,,,1.0,,1.0,,
2023-09-24 13:45:41,,,,,,1.0,,,,
2023-09-24 13:45:46,,,,,,1.0,,,,
2023-09-24 13:45:51,,,,,,1.0,,,,
2023-09-24 13:45:56,,,,,,1.0,,,,
2023-09-24 13:46:01,,1.0,,1.0,,1.0,,,,
2023-09-24 13:46:06,1.0,1.0,,1.0,,1.0,,1.0,,
2023-09-24 13:46:11,1.0,1.0,,1.0,,1.0,,1.0,,
2023-09-24 13:46:16,1.0,1.0,,1.0,,1.0,,1.0,,
2023-09-24 13:46:21,1.0,1.0,,1.0,,1.0,,1.0,,
2023-09-24 13:46:26,1.0,1.0,,1.0,,1.0,,1.0,,
2023-09-24 13:46:31,1.0,1.0,,1.0,,1.0,,1.0,,
2023-09-24 13:46:36,1.0,1.0,,1.0,,1.0,,1.0,,
2023-09-24 13:46:41,1.0,1.0,,1.0,,,,1.0,,
2023-09-24 13:46:46,1.0,1.0,,1.0,,,,1.0,,
2023-09-24 13:46:51,1.0,1.0,,1.0,,,,1.0,,
2023-09-24 13:46:56,1.0,1.0,,1.0,,1.0,,1.0,,
2023-09-24 13:47:01,1.0,1.0,,1.0,,1.0,,1.0,,
2023-09-24 13:47:06,1.0,1.0,,1.0,,1.0,,1.0,,
2023-09-24 13:47:11,1.0,1.0,,1.0,,1.0,,1.0,,
2023-09-24 13:47:16,1.0,1.0,,1.0,,1.0,,1.0,,
2023-09-24 13:47:21,1.0,1.0,,1.0,,1.0,,1.0,,
2023-09-24 13:47:26,1.0,1.0,,1.0,,1.0,,1.0,,
2023-09-24 13:47:31,1.0,1.0,,1.0,,1.0,,1.0,,
2023-09-24 13:47:36,1.0,1.0,,1.0,,1.0,,1.0,,
2023-09-24 13:47:41,1.0,1.0,,1.0,,1.0,,1.0,,
2023-09-24 13:47:46,1.0,1.0,,1.0,,1.0,,1.0,,
2023-09-24 13:47:51,1.0,1.0,,1.0,,1.0,,1.0,,
2023-09-24 13:47:56,1.0,1.0,,1.0,,1.0,,1.0,,
2023-09-24 13:48:01,1.0,1.0,,1.0,,1.0,,1.0,,
2023-09-24 13:48:06,1.0,1.0,,1.0,,1.0,,1.0,,
2023-09-24 13:48:11,1.0,1.0,,1.0,,1.0,,1.0,,
2023-09-24 13:48:16,1.0,1.0,,1.0,,1.0,,1.0,,
2023-09-24 13:48:21,1.0,1.0,,1.0,,1.0,,1.0,,
2023-09-24 13:48:26,1.0,1.0,,1.0,,1.0,,1.0,,
2023-09-24 13:48:31,1.0,1.0,,1.0,,1.0,,1.0,,
2023-09-24 13:48:36,1.0,1.0,,1.0,,1.0,,1.0,,
2023-09-24 13:48:41,1.0,1.0,,1.0,,1.0,,1.0,,
2023-09-24 13:48:46,1.0,1.0,,1.0,,1.0,,1.0,,
2023-09-24 13:48:51,1.0,1.0,,1.0,,1.0,,1.0,,
2023-09-24 13:48:56,1.0,1.0,,1.0,,1.0,,1.0,,
2023-09-24 13:49:01,1.0,1.0,,1.0,,1.0,,1.0,,
2023-09-24 13:49:06,1.0,1.0,,1.0,,1.0,,1.0,,
2023-09-24 13:49:11,1.0,1.0,,1.0,,1.0,,1.0,,
2023-09-24 13:49:16,1.0,1.0,,1.0,,1.0,,1.0,,
2023-09-24 13:49:21,1.0,1.0,,1.0,,1.0,,1.0,,
2023-09-24 13:49:26,1.0,1.0,,1.0,,1.0,,1.0,,
2023-09-24 13:49:31,1.0,1.0,,1.0,,1.0,,1.0,,
2023-09-24 13:49:36,1.0,1.0,,1.0,,1.0,,1.0,,
2023-09-24 13:49:41,1.0,1.0,,1.0,,1.0,,1.0,,
2023-09-24 13:49:46,1.0,1.0,,1.0,,1.0,,1.0,,
2023-09-24 13:49:51,1.0,1.0,,1.0,,1.0,,1.0,,
2023-09-24 13:49:56,1.0,1.0,,1.0,,1.0,,1.0,,
2023-09-24 13:50:01,1.0,1.0,,1.0,,1.0,,1.0,,
2023-09-24 13:50:06,1.0,1.0,,1.0,,1.0,,1.0,,
2023-09-24 13:50:11,1.0,1.0,,1.0,,1.0,,1.0,,
2023-09-24 13:50:16,1.0,1.0,,1.0,,1.0,,1.0,,
2023-09-24 13:50:21,1.0,1.0,,1.0,,1.0,,1.0,,
2023-09-24 13:50:26,1.0,1.0,,1.0,,1.0,,1.0,,
2023-09-24 13:50:31,1.0,1.0,,1.0,,1.0,,1.0,,
2023-09-24 13:50:36,1.0,1.0,,1.0,,1.0,,1.0,,
timestamp,adservice,cartservice,checkoutservice,currencyservice,emailservice,frontend,paymentservice,productcatalogservice,recommendationservice,shippingservice
2023-09-24 13:41:14,,,1.0,,1.0,,1.0,,1.0,1.0
2023-09-24 13:41:19,,,1.0,,1.0,,1.0,,1.0,1.0
2023-09-24 13:41:24,,,1.0,,1.0,,1.0,,1.0,1.0
2023-09-24 13:41:29,,,1.0,,1.0,,1.0,,1.0,1.0
2023-09-24 13:41:34,,,1.0,,1.0,,1.0,,1.0,1.0
2023-09-24 13:41:39,,,1.0,,1.0,,1.0,,1.0,1.0
2023-09-24 13:41:44,,,1.0,,1.0,,1.0,,1.0,1.0
2023-09-24 13:41:49,,,1.0,,1.0,,1.0,,1.0,1.0
2023-09-24 13:41:54,,,1.0,,1.0,,1.0,,1.0,1.0
2023-09-24 13:41:59,,,1.0,,1.0,,1.0,,1.0,1.0
2023-09-24 13:42:04,,,1.0,,1.0,,1.0,,1.0,1.0
2023-09-24 13:42:09,1.0,1.0,1.0,,1.0,,1.0,1.0,1.0,1.0
2023-09-24 13:42:14,1.0,1.0,1.0,,1.0,,1.0,1.0,1.0,1.0
2023-09-24 13:42:19,1.0,1.0,1.0,1.0,1.0,,1.0,1.0,1.0,1.0
2023-09-24 13:42:24,1.0,1.0,1.0,1.0,1.0,,1.0,1.0,1.0,1.0
2023-09-24 13:42:29,1.0,1.0,1.0,1.0,1.0,,1.0,1.0,1.0,1.0
2023-09-24 13:42:34,1.0,1.0,1.0,1.0,1.0,,1.0,1.0,1.0,1.0
2023-09-24 13:42:39,1.0,1.0,1.0,1.0,1.0,,1.0,1.0,1.0,1.0
2023-09-24 13:42:44,1.0,1.0,1.0,1.0,1.0,,1.0,1.0,1.0,1.0
2023-09-24 13:42:49,1.0,1.0,1.0,1.0,1.0,,1.0,1.0,1.0,1.0
2023-09-24 13:42:54,,,1.0,1.0,1.0,,1.0,,1.0,1.0
2023-09-24 13:42:59,,,1.0,1.0,1.0,,1.0,,1.0,1.0
2023-09-24 13:43:04,,,1.0,,1.0,,1.0,,1.0,1.0
2023-09-24 13:43:09,,,1.0,,1.0,,1.0,,1.0,1.0
2023-09-24 13:43:14,,,1.0,,1.0,,1.0,,1.0,1.0
2023-09-24 13:43:19,,,1.0,,1.0,,1.0,,1.0,1.0
2023-09-24 13:43:24,,,1.0,,1.0,,1.0,,1.0,1.0
2023-09-24 13:43:29,,,1.0,,1.0,,1.0,,1.0,1.0
2023-09-24 13:43:34,,,1.0,,1.0,,1.0,,1.0,1.0
2023-09-24 13:43:39,,,1.0,,1.0,,1.0,,1.0,1.0
2023-09-24 13:43:44,,,1.0,,1.0,,1.0,,1.0,1.0
2023-09-24 13:43:49,,,1.0,,1.0,,1.0,,1.0,1.0
2023-09-24 13:43:54,,,1.0,,1.0,,1.0,,1.0,1.0
2023-09-24 13:43:59,,,1.0,,1.0,,1.0,,1.0,1.0
2023-09-24 13:44:04,,,1.0,,1.0,,1.0,1.0,1.0,1.0
2023-09-24 13:44:09,,,1.0,,1.0,,1.0,1.0,1.0,1.0
2023-09-24 13:44:14,1.0,,1.0,,1.0,1.0,1.0,1.0,1.0,1.0
2023-09-24 13:44:19,1.0,1.0,1.0,1.0,1.0,1.0,1.0,1.0,1.0,1.0
2023-09-24 13:44:24,1.0,1.0,1.0,1.0,1.0,1.0,1.0,1.0,1.0,1.0
2023-09-24 13:44:29,1.0,1.0,1.0,1.0,1.0,1.0,1.0,1.0,1.0,1.0
2023-09-24 13:44:34,1.0,1.0,1.0,1.0,1.0,1.0,1.0,1.0,1.0,1.0
2023-09-24 13:44:39,1.0,1.0,1.0,1.0,1.0,1.0,1.0,1.0,1.0,1.0
2023-09-24 13:44:44,1.0,1.0,1.0,1.0,1.0,1.0,1.0,1.0,1.0,1.0
2023-09-24 13:44:49,1.0,1.0,1.0,1.0,1.0,1.0,1.0,1.0,1.0,1.0
2023-09-24 13:44:54,1.0,1.0,1.0,1.0,1.0,1.0,1.0,1.0,1.0,1.0
2023-09-24 13:44:59,1.0,1.0,1.0,1.0,1.0,1.0,1.0,1.0,1.0,1.0
2023-09-24 13:45:04,1.0,1.0,1.0,1.0,1.0,1.0,1.0,1.0,1.0,1.0
2023-09-24 13:45:09,1.0,1.0,1.0,1.0,1.0,1.0,1.0,1.0,1.0,1.0
2023-09-24 13:45:14,1.0,1.0,1.0,1.0,1.0,1.0,1.0,1.0,1.0,1.0
2023-09-24 13:45:19,1.0,1.0,1.0,1.0,1.0,1.0,1.0,1.0,1.0,1.0
2023-09-24 13:45:24,1.0,1.0,1.0,1.0,,1.0,1.0,1.0,1.0,1.0
2023-09-24 13:45:29,,1.0,,1.0,,1.0,,1.0,1.0,1.0
2023-09-24 13:45:34,,1.0,,,,1.0,,1.0,,
2023-09-24 13:45:39,,,,,,1.0,,,,
2023-09-24 13:45:44,,,,,,1.0,,,,
2023-09-24 13:45:49,,,,,,1.0,,,,
2023-09-24 13:45:54,,,,,,1.0,,,,
2023-09-24 13:45:59,,,,,,1.0,,,,
2023-09-24 13:46:04,,1.0,,1.0,,1.0,,,,
2023-09-24 13:46:09,1.0,1.0,,1.0,,1.0,,1.0,,
2023-09-24 13:46:14,1.0,1.0,,1.0,,1.0,,1.0,,
2023-09-24 13:46:19,1.0,1.0,,1.0,,1.0,,1.0,,
2023-09-24 13:46:24,1.0,1.0,,1.0,,1.0,,1.0,,
2023-09-24 13:46:29,1.0,1.0,,1.0,,1.0,,1.0,,
2023-09-24 13:46:34,1.0,1.0,,1.0,,1.0,,1.0,,
2023-09-24 13:46:39,1.0,1.0,,1.0,,1.0,,1.0,,
2023-09-24 13:46:44,1.0,1.0,,1.0,,,,1.0,,
2023-09-24 13:46:49,1.0,1.0,,1.0,,,,1.0,,
2023-09-24 13:46:54,1.0,1.0,,1.0,,,,1.0,,
2023-09-24 13:46:59,1.0,1.0,,1.0,,1.0,,1.0,,
2023-09-24 13:47:04,1.0,1.0,,1.0,,1.0,,1.0,,
2023-09-24 13:47:09,1.0,1.0,,1.0,,1.0,,1.0,,
2023-09-24 13:47:14,1.0,1.0,,1.0,,1.0,,1.0,,
2023-09-24 13:47:19,1.0,1.0,,1.0,,1.0,,1.0,,
2023-09-24 13:47:24,1.0,1.0,,1.0,,1.0,,1.0,,
2023-09-24 13:47:29,1.0,1.0,,1.0,,1.0,,1.0,,
2023-09-24 13:47:34,1.0,1.0,,1.0,,1.0,,1.0,,
2023-09-24 13:47:39,1.0,1.0,,1.0,,1.0,,1.0,,
2023-09-24 13:47:44,1.0,1.0,,1.0,,1.0,,1.0,,
2023-09-24 13:47:49,1.0,1.0,,1.0,,1.0,,1.0,,
2023-09-24 13:47:54,1.0,1.0,,1.0,,1.0,,1.0,,
2023-09-24 13:47:59,1.0,1.0,,1.0,,1.0,,1.0,,
2023-09-24 13:48:04,1.0,1.0,,1.0,,1.0,,1.0,,
2023-09-24 13:48:09,1.0,1.0,,1.0,,1.0,,1.0,,
2023-09-24 13:48:14,1.0,1.0,,1.0,,1.0,,1.0,,
2023-09-24 13:48:19,1.0,1.0,,1.0,,1.0,,1.0,,
2023-09-24 13:48:24,1.0,1.0,,1.0,,1.0,,1.0,,
2023-09-24 13:48:29,1.0,1.0,,1.0,,1.0,,1.0,,
2023-09-24 13:48:34,1.0,1.0,,1.0,,1.0,,1.0,,
2023-09-24 13:48:39,1.0,1.0,,1.0,,1.0,,1.0,,
2023-09-24 13:48:44,1.0,1.0,,1.0,,1.0,,1.0,,
2023-09-24 13:48:49,1.0,1.0,,1.0,,1.0,,1.0,,
2023-09-24 13:48:54,1.0,1.0,,1.0,,1.0,,1.0,,
2023-09-24 13:48:59,1.0,1.0,,1.0,,1.0,,1.0,,
2023-09-24 13:49:04,1.0,1.0,,1.0,,1.0,,1.0,,
2023-09-24 13:49:09,1.0,1.0,,1.0,,1.0,,1.0,,
2023-09-24 13:49:14,1.0,1.0,,1.0,,1.0,,1.0,,
2023-09-24 13:49:19,1.0,1.0,,1.0,,1.0,,1.0,,
2023-09-24 13:49:24,1.0,1.0,,1.0,,1.0,,1.0,,
2023-09-24 13:49:29,1.0,1.0,,1.0,,1.0,,1.0,,
2023-09-24 13:49:34,1.0,1.0,,1.0,,1.0,,1.0,,
2023-09-24 13:49:39,1.0,1.0,,1.0,,1.0,,1.0,,
2023-09-24 13:49:44,1.0,1.0,,1.0,,1.0,,1.0,,
2023-09-24 13:49:49,1.0,1.0,,1.0,,1.0,,1.0,,
2023-09-24 13:49:54,1.0,1.0,,1.0,,1.0,,1.0,,
2023-09-24 13:49:59,1.0,1.0,,1.0,,1.0,,1.0,,
2023-09-24 13:50:04,1.0,1.0,,1.0,,1.0,,1.0,,
2023-09-24 13:50:09,1.0,1.0,,1.0,,1.0,,1.0,,
2023-09-24 13:50:14,1.0,1.0,,1.0,,1.0,,1.0,,
2023-09-24 13:50:19,1.0,1.0,,1.0,,1.0,,1.0,,
2023-09-24 13:50:24,1.0,1.0,,1.0,,1.0,,1.0,,
2023-09-24 13:50:29,1.0,1.0,,1.0,,1.0,,1.0,,
2023-09-24 13:50:34,1.0,1.0,,1.0,,1.0,,1.0,,
2023-09-24 13:50:39,1.0,1.0,,1.0,,1.0,,1.0,,
2023-09-24 13:50:44,1.0,1.0,,1.0,,1.0,,1.0,,
2023-09-24 13:50:49,1.0,1.0,,1.0,,1.0,,1.0,,
2023-09-24 13:50:54,1.0,1.0,,1.0,,1.0,,1.0,,
2023-09-24 13:50:59,1.0,1.0,,1.0,,1.0,,1.0,,
2023-09-24 13:51:04,1.0,1.0,,1.0,,1.0,,1.0,,
2023-09-24 13:51:09,1.0,1.0,,1.0,,1.0,,1.0,,
2023-09-24 13:51:14,1.0,1.0,,1.0,,1.0,,1.0,,
timestamp,adservice,cartservice,checkoutservice,currencyservice,emailservice,frontend,paymentservice,productcatalogservice,recommendationservice,shippingservice
2023-09-24 13:51:14,1.0,1.0,1.0,1.0,1.0,1.0,1.0,1.0,1.0,1.0
2023-09-24 13:51:19,1.0,1.0,1.0,1.0,1.0,1.0,1.0,1.0,1.0,1.0
2023-09-24 13:51:24,1.0,1.0,1.0,1.0,1.0,1.0,1.0,1.0,1.0,1.0
2023-09-24 13:51:29,1.0,1.0,1.0,1.0,1.0,1.0,1.0,1.0,1.0,1.0
2023-09-24 13:51:34,1.0,1.0,1.0,1.0,1.0,1.0,1.0,1.0,1.0,1.0
2023-09-24 13:51:39,1.0,1.0,1.0,1.0,1.0,1.0,1.0,1.0,1.0,1.0
2023-09-24 13:51:44,1.0,1.0,1.0,1.0,1.0,1.0,1.0,1.0,1.0,1.0
2023-09-24 13:51:49,1.0,1.0,1.0,1.0,1.0,1.0,1.0,1.0,1.0,1.0
2023-09-24 13:51:54,1.0,1.0,1.0,1.0,1.0,1.0,1.0,1.0,1.0,1.0
2023-09-24 13:51:59,1.0,1.0,1.0,1.0,1.0,1.0,1.0,1.0,1.0,1.0
2023-09-24 13:52:04,1.0,1.0,1.0,1.0,1.0,1.0,1.0,1.0,1.0,1.0
2023-09-24 13:52:09,1.0,1.0,1.0,1.0,1.0,1.0,1.0,1.0,1.0,1.0
2023-09-24 13:52:14,1.0,1.0,1.0,1.0,1.0,1.0,1.0,1.0,1.0,1.0
2023-09-24 13:52:19,1.0,1.0,1.0,1.0,1.0,1.0,1.0,1.0,1.0,1.0
2023-09-24 13:52:24,1.0,1.0,1.0,1.0,1.0,1.0,1.0,1.0,1.0,1.0
2023-09-24 13:52:29,1.0,1.0,1.0,1.0,1.0,1.0,1.0,1.0,1.0,1.0
2023-09-24 13:52:34,1.0,1.0,1.0,1.0,1.0,1.0,1.0,1.0,1.0,1.0
2023-09-24 13:52:39,1.0,1.0,1.0,1.0,1.0,1.0,1.0,1.0,1.0,1.0
2023-09-24 13:52:44,1.0,1.0,1.0,1.0,1.0,1.0,1.0,1.0,1.0,1.0
2023-09-24 13:52:49,1.0,1.0,1.0,1.0,1.0,1.0,1.0,1.0,1.0,1.0
2023-09-24 13:52:54,1.0,1.0,1.0,1.0,1.0,1.0,1.0,1.0,1.0,1.0
2023-09-24 13:52:59,1.0,1.0,1.0,1.0,1.0,1.0,1.0,1.0,1.0,1.0
2023-09-24 13:53:04,1.0,1.0,1.0,1.0,1.0,1.0,1.0,1.0,1.0,1.0
2023-09-24 13:53:09,1.0,1.0,1.0,1.0,1.0,1.0,1.0,1.0,1.0,1.0
2023-09-24 13:53:14,1.0,1.0,1.0,1.0,1.0,1.0,1.0,1.0,1.0,1.0
2023-09-24 13:53:19,1.0,1.0,1.0,1.0,1.0,1.0,1.0,1.0,1.0,1.0
2023-09-24 13:53:24,1.0,1.0,1.0,1.0,1.0,1.0,1.0,1.0,1.0,1.0
2023-09-24 13:53:29,1.0,1.0,1.0,1.0,1.0,1.0,1.0,1.0,1.0,1.0
2023-09-24 13:53:34,1.0,1.0,1.0,1.0,1.0,1.0,1.0,1.0,1.0,1.0
2023-09-24 13:53:39,1.0,1.0,1.0,1.0,1.0,1.0,1.0,1.0,1.0,1.0
2023-09-24 13:53:44,1.0,1.0,1.0,1.0,1.0,1.0,1.0,1.0,1.0,1.0
2023-09-24 13:53:49,1.0,1.0,1.0,1.0,1.0,1.0,1.0,1.0,1.0,1.0
2023-09-24 13:53:54,1.0,1.0,1.0,1.0,1.0,1.0,1.0,1.0,1.0,1.0
2023-09-24 13:53:59,1.0,1.0,1.0,1.0,1.0,1.0,1.0,1.0,1.0,1.0
2023-09-24 13:54:04,1.0,1.0,1.0,1.0,1.0,1.0,1.0,1.0,1.0,1.0
2023-09-24 13:54:09,1.0,1.0,1.0,1.0,1.0,1.0,1.0,1.0,1.0,1.0
2023-09-24 13:54:14,1.0,1.0,1.0,1.0,1.0,1.0,1.0,1.0,1.0,1.0
2023-09-24 13:54:19,1.0,1.0,1.0,1.0,1.0,1.0,1.0,1.0,1.0,1.0
2023-09-24 13:54:24,1.0,1.0,1.0,1.0,1.0,1.0,1.0,1.0,1.0,1.0
2023-09-24 13:54:29,1.0,1.0,1.0,1.0,1.0,1.0,1.0,1.0,1.0,1.0
2023-09-24 13:54:34,1.0,1.0,1.0,1.0,1.0,1.0,1.0,1.0,1.0,1.0
2023-09-24 13:54:39,1.0,1.0,1.0,1.0,1.0,1.0,1.0,1.0,1.0,1.0
2023-09-24 13:54:44,1.0,1.0,1.0,1.0,1.0,1.0,1.0,1.0,1.0,1.0
2023-09-24 13:54:49,1.0,1.0,1.0,1.0,1.0,1.0,1.0,1.0,1.0,1.0
2023-09-24 13:54:54,1.0,1.0,1.0,1.0,1.0,1.0,1.0,1.0,1.0,1.0
2023-09-24 13:54:59,1.0,1.0,1.0,1.0,1.0,1.0,1.0,1.0,1.0,1.0
2023-09-24 13:55:04,1.0,1.0,1.0,1.0,1.0,1.0,1.0,1.0,1.0,1.0
2023-09-24 13:55:09,1.0,1.0,1.0,1.0,1.0,1.0,1.0,1.0,1.0,1.0
2023-09-24 13:55:14,1.0,1.0,1.0,1.0,1.0,1.0,1.0,1.0,1.0,1.0
2023-09-24 13:55:19,1.0,1.0,1.0,1.0,1.0,1.0,1.0,1.0,1.0,1.0
2023-09-24 13:55:24,1.0,1.0,1.0,1.0,1.0,1.0,1.0,1.0,1.0,1.0
2023-09-24 13:55:29,1.0,1.0,1.0,1.0,1.0,1.0,1.0,1.0,1.0,1.0
2023-09-24 13:55:34,1.0,1.0,1.0,1.0,1.0,1.0,1.0,1.0,1.0,1.0
2023-09-24 13:55:39,1.0,1.0,1.0,1.0,1.0,1.0,1.0,1.0,1.0,1.0
2023-09-24 13:55:44,1.0,1.0,1.0,1.0,1.0,1.0,1.0,1.0,1.0,1.0
2023-09-24 13:55:49,1.0,1.0,1.0,1.0,1.0,1.0,1.0,1.0,1.0,1.0
2023-09-24 13:55:54,1.0,1.0,1.0,1.0,1.0,1.0,1.0,1.0,1.0,1.0
2023-09-24 13:55:59,1.0,1.0,1.0,1.0,1.0,1.0,1.0,1.0,1.0,1.0
2023-09-24 13:56:04,1.0,1.0,1.0,1.0,1.0,1.0,1.0,1.0,1.0,1.0
2023-09-24 13:56:09,1.0,1.0,1.0,1.0,1.0,1.0,1.0,1.0,1.0,1.0
2023-09-24 13:56:14,1.0,1.0,1.0,1.0,1.0,1.0,1.0,1.0,1.0,1.0
2023-09-24 13:56:19,1.0,1.0,1.0,1.0,1.0,1.0,1.0,1.0,1.0,1.0
2023-09-24 13:56:24,1.0,1.0,1.0,1.0,1.0,1.0,1.0,1.0,1.0,1.0
2023-09-24 13:56:29,1.0,1.0,1.0,1.0,1.0,1.0,1.0,1.0,1.0,1.0
2023-09-24 13:56:34,1.0,1.0,1.0,1.0,1.0,1.0,1.0,1.0,1.0,1.0
2023-09-24 13:56:39,1.0,1.0,1.0,1.0,1.0,1.0,1.0,1.0,1.0,1.0
2023-09-24 13:56:44,1.0,1.0,1.0,1.0,1.0,1.0,1.0,1.0,1.0,1.0
2023-09-24 13:56:49,1.0,1.0,1.0,1.0,1.0,1.0,1.0,1.0,1.0,1.0
2023-09-24 13:56:54,1.0,1.0,1.0,1.0,1.0,1.0,1.0,1.0,1.0,1.0
2023-09-24 13:56:59,1.0,1.0,1.0,1.0,1.0,1.0,1.0,1.0,1.0,1.0
2023-09-24 13:57:04,1.0,1.0,1.0,1.0,1.0,1.0,1.0,1.0,1.0,1.0
2023-09-24 13:57:09,1.0,1.0,1.0,1.0,1.0,1.0,1.0,1.0,1.0,1.0
2023-09-24 13:57:14,1.0,1.0,1.0,1.0,1.0,1.0,1.0,1.0,1.0,1.0
2023-09-24 13:57:19,1.0,1.0,1.0,1.0,1.0,1.0,1.0,1.0,1.0,1.0
2023-09-24 13:57:24,1.0,1.0,1.0,1.0,1.0,1.0,1.0,1.0,1.0,1.0
2023-09-24 13:57:29,1.0,1.0,1.0,1.0,1.0,1.0,1.0,1.0,1.0,1.0
2023-09-24 13:57:34,1.0,1.0,1.0,1.0,1.0,1.0,1.0,1.0,1.0,1.0
2023-09-24 13:57:39,1.0,1.0,1.0,1.0,1.0,1.0,1.0,1.0,1.0,1.0
2023-09-24 13:57:44,1.0,1.0,1.0,1.0,1.0,1.0,1.0,1.0,1.0,1.0
2023-09-24 13:57:49,1.0,1.0,1.0,1.0,1.0,1.0,1.0,1.0,1.0,1.0
2023-09-24 13:57:54,1.0,1.0,1.0,1.0,1.0,1.0,1.0,1.0,1.0,1.0
2023-09-24 13:57:59,1.0,1.0,1.0,1.0,1.0,1.0,1.0,1.0,1.0,1.0
2023-09-24 13:58:04,1.0,1.0,1.0,1.0,1.0,1.0,1.0,1.0,1.0,1.0
2023-09-24 13:58:09,1.0,1.0,1.0,1.0,1.0,1.0,1.0,1.0,1.0,1.0
2023-09-24 13:58:14,1.0,1.0,1.0,1.0,1.0,1.0,1.0,1.0,1.0,1.0
2023-09-24 13:58:19,1.0,1.0,1.0,1.0,1.0,1.0,1.0,1.0,1.0,1.0
2023-09-24 13:58:24,1.0,1.0,1.0,1.0,1.0,1.0,1.0,1.0,1.0,1.0
2023-09-24 13:58:29,1.0,1.0,1.0,1.0,1.0,1.0,1.0,1.0,1.0,1.0
2023-09-24 13:58:34,1.0,1.0,1.0,1.0,1.0,1.0,1.0,1.0,1.0,1.0
2023-09-24 13:58:39,1.0,1.0,1.0,1.0,1.0,1.0,1.0,1.0,1.0,1.0
2023-09-24 13:58:44,1.0,1.0,1.0,1.0,1.0,1.0,1.0,1.0,1.0,1.0
2023-09-24 13:58:49,1.0,1.0,1.0,1.0,1.0,1.0,1.0,1.0,1.0,1.0
2023-09-24 13:58:54,1.0,1.0,1.0,1.0,1.0,1.0,1.0,1.0,1.0,1.0
2023-09-24 13:58:59,1.0,1.0,1.0,1.0,1.0,1.0,1.0,1.0,1.0,1.0
2023-09-24 13:59:04,1.0,1.0,1.0,1.0,1.0,1.0,1.0,1.0,1.0,1.0
2023-09-24 13:59:09,1.0,1.0,1.0,1.0,1.0,1.0,1.0,1.0,1.0,1.0
2023-09-24 13:59:14,1.0,1.0,1.0,1.0,1.0,1.0,1.0,1.0,1.0,1.0
2023-09-24 13:59:19,1.0,1.0,1.0,1.0,1.0,1.0,1.0,1.0,1.0,1.0
2023-09-24 13:59:24,1.0,1.0,1.0,1.0,1.0,1.0,1.0,1.0,1.0,1.0
2023-09-24 13:59:29,1.0,1.0,1.0,1.0,1.0,1.0,1.0,1.0,1.0,1.0
2023-09-24 13:59:34,1.0,1.0,1.0,1.0,1.0,1.0,1.0,1.0,1.0,1.0
2023-09-24 13:59:39,1.0,1.0,1.0,1.0,1.0,1.0,1.0,1.0,1.0,1.0
2023-09-24 13:59:44,1.0,1.0,1.0,1.0,1.0,1.0,1.0,1.0,1.0,1.0
2023-09-24 13:59:49,1.0,1.0,1.0,1.0,1.0,1.0,1.0,1.0,1.0,1.0
2023-09-24 13:59:54,1.0,1.0,1.0,1.0,1.0,1.0,1.0,1.0,1.0,1.0
2023-09-24 13:59:59,1.0,1.0,1.0,1.0,1.0,1.0,1.0,1.0,1.0,1.0
2023-09-24 14:00:04,1.0,1.0,1.0,1.0,1.0,1.0,1.0,1.0,1.0,1.0
2023-09-24 14:00:09,1.0,1.0,1.0,1.0,1.0,1.0,1.0,1.0,1.0,1.0
2023-09-24 14:00:14,1.0,1.0,1.0,1.0,1.0,1.0,1.0,1.0,1.0,1.0
2023-09-24 14:00:19,1.0,1.0,1.0,1.0,1.0,1.0,1.0,1.0,1.0,1.0
2023-09-24 14:00:24,1.0,1.0,1.0,1.0,1.0,1.0,1.0,1.0,1.0,1.0
2023-09-24 14:00:29,1.0,1.0,1.0,1.0,1.0,1.0,1.0,1.0,1.0,1.0
2023-09-24 14:00:34,1.0,1.0,1.0,1.0,1.0,1.0,1.0,1.0,1.0,1.0
2023-09-24 14:00:39,1.0,1.0,1.0,1.0,1.0,1.0,1.0,1.0,1.0,1.0
2023-09-24 14:00:44,1.0,1.0,1.0,1.0,1.0,1.0,1.0,1.0,1.0,1.0
2023-09-24 14:00:49,1.0,1.0,1.0,1.0,1.0,1.0,1.0,1.0,1.0,1.0
2023-09-24 14:00:54,1.0,1.0,1.0,1.0,1.0,1.0,1.0,1.0,1.0,1.0
2023-09-24 14:00:59,1.0,1.0,1.0,1.0,1.0,1.0,1.0,1.0,1.0,1.0
2023-09-24 14:01:04,1.0,1.0,1.0,1.0,1.0,1.0,1.0,1.0,1.0,1.0
2023-09-24 14:01:09,1.0,1.0,1.0,1.0,1.0,1.0,1.0,1.0,1.0,1.0
2023-09-24 14:01:14,1.0,1.0,1.0,1.0,1.0,1.0,1.0,1.0,1.0,1.0
timestamp,adservice,cartservice,checkoutservice,currencyservice,emailservice,frontend,paymentservice,productcatalogservice,recommendationservice,shippingservice
2023-09-24 14:01:14,1.0,1.0,1.0,1.0,1.0,1.0,1.0,1.0,1.0,1.0
2023-09-24 14:01:19,1.0,1.0,1.0,1.0,1.0,1.0,1.0,1.0,1.0,1.0
2023-09-24 14:01:24,1.0,1.0,1.0,1.0,1.0,1.0,1.0,1.0,1.0,1.0
2023-09-24 14:01:29,1.0,1.0,1.0,1.0,1.0,1.0,1.0,1.0,1.0,1.0
2023-09-24 14:01:34,1.0,1.0,1.0,1.0,1.0,1.0,1.0,1.0,1.0,1.0
2023-09-24 14:01:39,1.0,1.0,1.0,1.0,1.0,1.0,1.0,1.0,1.0,1.0
2023-09-24 14:01:44,1.0,1.0,1.0,1.0,1.0,1.0,1.0,1.0,1.0,1.0
2023-09-24 14:01:49,1.0,1.0,1.0,1.0,1.0,1.0,1.0,1.0,1.0,1.0
2023-09-24 14:01:54,1.0,1.0,1.0,1.0,1.0,1.0,1.0,1.0,1.0,1.0
2023-09-24 14:01:59,1.0,1.0,1.0,1.0,1.0,1.0,1.0,1.0,1.0,1.0
2023-09-24 14:02:04,1.0,1.0,1.0,1.0,1.0,1.0,1.0,1.0,1.0,1.0
2023-09-24 14:02:09,1.0,1.0,1.0,1.0,1.0,1.0,1.0,1.0,1.0,1.0
2023-09-24 14:02:14,1.0,1.0,1.0,1.0,1.0,1.0,1.0,1.0,1.0,1.0
2023-09-24 14:02:19,1.0,1.0,1.0,1.0,1.0,1.0,1.0,1.0,1.0,1.0
2023-09-24 14:02:24,1.0,1.0,1.0,1.0,1.0,1.0,1.0,1.0,1.0,1.0
2023-09-24 14:02:29,1.0,1.0,1.0,1.0,1.0,1.0,1.0,1.0,1.0,1.0
2023-09-24 14:02:34,1.0,1.0,1.0,1.0,1.0,1.0,1.0,1.0,1.0,1.0
2023-09-24 14:02:39,1.0,1.0,1.0,1.0,1.0,1.0,1.0,1.0,1.0,1.0
2023-09-24 14:02:44,1.0,1.0,1.0,1.0,1.0,1.0,1.0,1.0,1.0,1.0
2023-09-24 14:02:49,1.0,1.0,1.0,1.0,1.0,1.0,1.0,1.0,1.0,1.0
2023-09-24 14:02:54,1.0,1.0,1.0,1.0,1.0,1.0,1.0,1.0,1.0,1.0
2023-09-24 14:02:59,1.0,1.0,1.0,1.0,1.0,1.0,1.0,1.0,1.0,1.0
2023-09-24 14:03:04,1.0,1.0,1.0,1.0,1.0,1.0,1.0,1.0,1.0,1.0
2023-09-24 14:03:09,1.0,1.0,1.0,1.0,1.0,1.0,1.0,1.0,1.0,1.0
2023-09-24 14:03:14,1.0,1.0,1.0,1.0,1.0,1.0,1.0,1.0,1.0,1.0
2023-09-24 14:03:19,1.0,1.0,1.0,1.0,1.0,1.0,1.0,1.0,1.0,1.0
2023-09-24 14:03:24,1.0,1.0,1.0,1.0,1.0,1.0,1.0,1.0,1.0,1.0
2023-09-24 14:03:29,1.0,1.0,1.0,1.0,1.0,1.0,1.0,1.0,1.0,1.0
2023-09-24 14:03:34,1.0,1.0,1.0,1.0,1.0,1.0,1.0,1.0,1.0,1.0
2023-09-24 14:03:39,1.0,1.0,1.0,1.0,1.0,1.0,1.0,1.0,1.0,1.0
2023-09-24 14:03:44,1.0,1.0,1.0,1.0,1.0,1.0,1.0,1.0,1.0,1.0
2023-09-24 14:03:49,1.0,1.0,1.0,1.0,1.0,1.0,1.0,1.0,1.0,1.0
2023-09-24 14:03:54,1.0,1.0,1.0,1.0,1.0,1.0,1.0,1.0,1.0,1.0
2023-09-24 14:03:59,1.0,1.0,1.0,1.0,1.0,1.0,1.0,1.0,1.0,1.0
2023-09-24 14:04:04,1.0,1.0,1.0,1.0,1.0,1.0,1.0,1.0,1.0,1.0
2023-09-24 14:04:09,1.0,1.0,1.0,1.0,1.0,1.0,1.0,1.0,1.0,1.0
2023-09-24 14:04:14,1.0,1.0,1.0,1.0,1.0,1.0,1.0,1.0,1.0,1.0
2023-09-24 14:04:19,1.0,1.0,1.0,1.0,1.0,1.0,1.0,1.0,1.0,1.0
2023-09-24 14:04:24,1.0,1.0,1.0,1.0,1.0,1.0,1.0,1.0,1.0,1.0
2023-09-24 14:04:29,1.0,1.0,1.0,1.0,1.0,1.0,1.0,1.0,1.0,1.0
2023-09-24 14:04:34,1.0,1.0,1.0,1.0,1.0,1.0,1.0,1.0,1.0,1.0
2023-09-24 14:04:39,1.0,1.0,1.0,1.0,1.0,1.0,1.0,1.0,1.0,1.0
2023-09-24 14:04:44,1.0,1.0,1.0,1.0,1.0,1.0,1.0,1.0,1.0,1.0
2023-09-24 14:04:49,1.0,1.0,1.0,1.0,1.0,1.0,1.0,1.0,1.0,1.0
2023-09-24 14:04:54,1.0,1.0,1.0,1.0,1.0,1.0,1.0,1.0,1.0,1.0
2023-09-24 14:04:59,1.0,1.0,1.0,1.0,1.0,1.0,1.0,1.0,1.0,1.0
2023-09-24 14:05:04,1.0,1.0,1.0,1.0,1.0,1.0,1.0,1.0,1.0,1.0
2023-09-24 14:05:09,1.0,1.0,1.0,1.0,1.0,1.0,1.0,1.0,1.0,1.0
2023-09-24 14:05:14,1.0,1.0,1.0,1.0,1.0,1.0,1.0,1.0,1.0,1.0
2023-09-24 14:05:19,1.0,1.0,1.0,1.0,1.0,1.0,1.0,1.0,1.0,1.0
2023-09-24 14:05:24,1.0,1.0,1.0,1.0,1.0,1.0,1.0,1.0,1.0,1.0
2023-09-24 14:05:29,1.0,1.0,1.0,1.0,1.0,1.0,1.0,1.0,1.0,1.0
2023-09-24 14:05:34,1.0,1.0,1.0,1.0,1.0,1.0,1.0,1.0,1.0,1.0
2023-09-24 14:05:39,1.0,1.0,1.0,1.0,1.0,1.0,1.0,1.0,1.0,1.0
2023-09-24 14:05:44,1.0,1.0,1.0,1.0,1.0,1.0,1.0,1.0,1.0,1.0
2023-09-24 14:05:49,1.0,1.0,1.0,1.0,1.0,1.0,1.0,1.0,1.0,1.0
2023-09-24 14:05:54,1.0,1.0,1.0,1.0,1.0,1.0,1.0,1.0,1.0,1.0
2023-09-24 14:05:59,1.0,1.0,1.0,1.0,1.0,1.0,1.0,1.0,1.0,1.0
2023-09-24 14:06:04,1.0,1.0,1.0,1.0,1.0,1.0,1.0,1.0,1.0,1.0
2023-09-24 14:06:09,1.0,1.0,1.0,1.0,1.0,1.0,1.0,1.0,1.0,1.0
2023-09-24 14:06:14,1.0,1.0,1.0,1.0,1.0,1.0,1.0,1.0,1.0,1.0
2023-09-24 14:06:19,1.0,1.0,1.0,1.0,1.0,1.0,1.0,1.0,1.0,1.0
2023-09-24 14:06:24,1.0,1.0,1.0,1.0,1.0,1.0,1.0,1.0,1.0,1.0
2023-09-24 14:06:29,1.0,1.0,1.0,1.0,1.0,1.0,1.0,1.0,1.0,1.0
2023-09-24 14:06:34,1.0,1.0,1.0,1.0,1.0,1.0,1.0,1.0,1.0,1.0
2023-09-24 14:06:39,1.0,1.0,1.0,1.0,1.0,1.0,1.0,1.0,1.0,1.0
2023-09-24 14:06:44,1.0,1.0,1.0,1.0,1.0,1.0,1.0,1.0,1.0,1.0
2023-09-24 14:06:49,1.0,1.0,1.0,1.0,1.0,1.0,1.0,1.0,1.0,1.0
2023-09-24 14:06:54,1.0,1.0,1.0,1.0,1.0,1.0,1.0,1.0,1.0,1.0
2023-09-24 14:06:59,1.0,1.0,1.0,1.0,1.0,1.0,1.0,1.0,1.0,1.0
2023-09-24 14:07:04,1.0,1.0,1.0,1.0,1.0,1.0,1.0,1.0,1.0,1.0
2023-09-24 14:07:09,1.0,1.0,1.0,1.0,1.0,1.0,1.0,1.0,1.0,1.0
2023-09-24 14:07:14,1.0,1.0,1.0,1.0,1.0,1.0,1.0,1.0,1.0,1.0
2023-09-24 14:07:19,1.0,1.0,1.0,1.0,1.0,1.0,1.0,1.0,1.0,1.0
2023-09-24 14:07:24,1.0,1.0,1.0,1.0,1.0,1.0,1.0,1.0,1.0,1.0
2023-09-24 14:07:29,1.0,1.0,1.0,1.0,1.0,1.0,1.0,1.0,1.0,1.0
2023-09-24 14:07:34,1.0,1.0,1.0,1.0,1.0,1.0,1.0,1.0,1.0,1.0
2023-09-24 14:07:39,1.0,1.0,1.0,1.0,1.0,1.0,1.0,1.0,1.0,1.0
2023-09-24 14:07:44,1.0,1.0,1.0,1.0,1.0,1.0,1.0,1.0,1.0,1.0
2023-09-24 14:07:49,1.0,1.0,1.0,1.0,1.0,1.0,1.0,1.0,1.0,1.0
2023-09-24 14:07:54,1.0,1.0,1.0,1.0,1.0,1.0,1.0,1.0,1.0,1.0
2023-09-24 14:07:59,1.0,1.0,1.0,1.0,1.0,1.0,1.0,1.0,1.0,1.0
2023-09-24 14:08:04,1.0,1.0,1.0,1.0,1.0,1.0,1.0,1.0,1.0,1.0
2023-09-24 14:08:09,1.0,1.0,1.0,1.0,1.0,1.0,1.0,1.0,1.0,1.0
2023-09-24 14:08:14,1.0,1.0,1.0,1.0,1.0,1.0,1.0,1.0,1.0,1.0
2023-09-24 14:08:19,1.0,1.0,1.0,1.0,1.0,1.0,1.0,1.0,1.0,1.0
2023-09-24 14:08:24,1.0,1.0,1.0,1.0,1.0,1.0,1.0,1.0,1.0,1.0
2023-09-24 14:08:29,1.0,1.0,1.0,1.0,1.0,1.0,1.0,1.0,1.0,1.0
2023-09-24 14:08:34,1.0,1.0,1.0,1.0,1.0,1.0,1.0,1.0,1.0,1.0
2023-09-24 14:08:39,1.0,1.0,1.0,1.0,1.0,1.0,1.0,1.0,1.0,1.0
2023-09-24 14:08:44,1.0,1.0,1.0,1.0,1.0,1.0,1.0,1.0,1.0,1.0
2023-09-24 14:08:49,1.0,1.0,1.0,1.0,1.0,1.0,1.0,1.0,1.0,1.0
2023-09-24 14:08:54,1.0,1.0,1.0,1.0,1.0,1.0,1.0,1.0,1.0,1.0
2023-09-24 14:08:59,1.0,1.0,1.0,1.0,1.0,1.0,1.0,1.0,1.0,1.0
2023-09-24 14:09:04,1.0,1.0,1.0,1.0,1.0,1.0,1.0,1.0,1.0,1.0
2023-09-24 14:09:09,1.0,1.0,1.0,1.0,1.0,1.0,1.0,1.0,1.0,1.0
2023-09-24 14:09:14,1.0,1.0,1.0,1.0,1.0,1.0,1.0,1.0,1.0,1.0
2023-09-24 14:09:19,1.0,1.0,1.0,1.0,1.0,1.0,1.0,1.0,1.0,1.0
2023-09-24 14:09:24,1.0,1.0,1.0,1.0,1.0,1.0,1.0,1.0,1.0,1.0
2023-09-24 14:09:29,1.0,1.0,1.0,1.0,1.0,1.0,1.0,1.0,1.0,1.0
2023-09-24 14:09:34,1.0,1.0,1.0,1.0,1.0,1.0,1.0,1.0,1.0,1.0
2023-09-24 14:09:39,1.0,1.0,1.0,1.0,1.0,1.0,1.0,1.0,1.0,1.0
2023-09-24 14:09:44,1.0,1.0,1.0,1.0,1.0,1.0,1.0,1.0,1.0,1.0
2023-09-24 14:09:49,1.0,1.0,1.0,1.0,1.0,1.0,1.0,1.0,1.0,1.0
2023-09-24 14:09:54,1.0,1.0,1.0,1.0,1.0,1.0,1.0,1.0,1.0,1.0
2023-09-24 14:09:59,1.0,1.0,1.0,1.0,1.0,1.0,1.0,1.0,1.0,1.0
2023-09-24 14:10:04,1.0,1.0,1.0,1.0,1.0,1.0,1.0,1.0,1.0,1.0
2023-09-24 14:10:09,1.0,1.0,1.0,1.0,1.0,1.0,1.0,1.0,1.0,1.0
2023-09-24 14:10:14,1.0,1.0,1.0,1.0,1.0,1.0,1.0,1.0,1.0,1.0
2023-09-24 14:10:19,1.0,1.0,1.0,1.0,1.0,1.0,1.0,1.0,1.0,1.0
2023-09-24 14:10:24,1.0,1.0,1.0,1.0,1.0,1.0,1.0,1.0,1.0,1.0
2023-09-24 14:10:29,1.0,1.0,1.0,1.0,1.0,1.0,1.0,1.0,1.0,1.0
2023-09-24 14:10:34,1.0,1.0,1.0,1.0,1.0,1.0,1.0,1.0,1.0,1.0
2023-09-24 14:10:39,1.0,1.0,1.0,1.0,1.0,1.0,1.0,1.0,1.0,1.0
2023-09-24 14:10:44,1.0,1.0,1.0,1.0,1.0,1.0,1.0,1.0,1.0,1.0
2023-09-24 14:10:49,1.0,1.0,1.0,1.0,1.0,1.0,1.0,1.0,1.0,1.0
2023-09-24 14:10:54,1.0,1.0,1.0,1.0,1.0,1.0,1.0,1.0,1.0,1.0
2023-09-24 14:10:59,1.0,1.0,1.0,1.0,1.0,1.0,1.0,1.0,1.0,1.0
2023-09-24 14:11:04,1.0,1.0,1.0,1.0,1.0,1.0,1.0,1.0,1.0,1.0
2023-09-24 14:11:09,1.0,1.0,1.0,1.0,1.0,1.0,1.0,1.0,1.0,1.0
2023-09-24 14:11:14,1.0,1.0,1.0,1.0,1.0,1.0,1.0,1.0,1.0,1.0
timestamp,adservice,cartservice,checkoutservice,currencyservice,emailservice,frontend,paymentservice,productcatalogservice,recommendationservice,shippingservice
2023-09-24 14:11:14,1.0,1.0,1.0,1.0,1.0,1.0,1.0,1.0,1.0,1.0
2023-09-24 14:11:19,1.0,1.0,1.0,1.0,1.0,1.0,1.0,1.0,1.0,1.0
2023-09-24 14:11:24,1.0,1.0,1.0,1.0,1.0,1.0,1.0,1.0,1.0,1.0
2023-09-24 14:11:29,1.0,1.0,1.0,1.0,1.0,1.0,1.0,1.0,1.0,1.0
2023-09-24 14:11:34,1.0,1.0,1.0,1.0,1.0,1.0,1.0,1.0,1.0,1.0
2023-09-24 14:11:39,1.0,1.0,1.0,1.0,1.0,1.0,1.0,1.0,1.0,1.0
2023-09-24 14:11:44,1.0,1.0,1.0,1.0,1.0,1.0,1.0,1.0,1.0,1.0
2023-09-24 14:11:49,1.0,1.0,1.0,1.0,1.0,1.0,1.0,1.0,1.0,1.0
2023-09-24 14:11:54,1.0,1.0,1.0,1.0,1.0,1.0,1.0,1.0,1.0,1.0
2023-09-24 14:11:59,1.0,1.0,1.0,1.0,1.0,1.0,1.0,1.0,1.0,1.0
2023-09-24 14:12:04,1.0,1.0,1.0,1.0,1.0,1.0,1.0,1.0,1.0,1.0
2023-09-24 14:12:09,1.0,1.0,1.0,1.0,1.0,1.0,1.0,1.0,1.0,1.0
2023-09-24 14:12:14,1.0,1.0,1.0,1.0,1.0,1.0,1.0,1.0,1.0,1.0
2023-09-24 14:12:19,1.0,1.0,1.0,1.0,1.0,1.0,1.0,1.0,1.0,1.0
2023-09-24 14:12:24,1.0,1.0,1.0,1.0,1.0,1.0,1.0,1.0,1.0,1.0
2023-09-24 14:12:29,1.0,1.0,1.0,1.0,1.0,1.0,1.0,1.0,1.0,1.0
2023-09-24 14:12:34,1.0,1.0,1.0,1.0,1.0,1.0,1.0,1.0,1.0,1.0
2023-09-24 14:12:39,1.0,1.0,1.0,1.0,1.0,1.0,1.0,1.0,1.0,1.0
2023-09-24 14:12:44,1.0,1.0,1.0,1.0,1.0,1.0,1.0,1.0,1.0,1.0
2023-09-24 14:12:49,1.0,1.0,1.0,1.0,1.0,1.0,1.0,1.0,1.0,1.0
2023-09-24 14:12:54,1.0,1.0,1.0,1.0,1.0,1.0,1.0,1.0,1.0,1.0
2023-09-24 14:12:59,1.0,1.0,1.0,1.0,1.0,1.0,1.0,1.0,1.0,1.0
2023-09-24 14:13:04,1.0,1.0,1.0,1.0,1.0,1.0,1.0,1.0,1.0,1.0
2023-09-24 14:13:09,1.0,1.0,1.0,1.0,1.0,1.0,1.0,1.0,1.0,1.0
2023-09-24 14:13:14,1.0,1.0,1.0,1.0,1.0,1.0,1.0,1.0,1.0,1.0
2023-09-24 14:13:19,1.0,1.0,1.0,1.0,1.0,1.0,1.0,1.0,1.0,1.0
2023-09-24 14:13:24,1.0,1.0,1.0,1.0,1.0,1.0,1.0,1.0,1.0,1.0
2023-09-24 14:13:29,1.0,1.0,1.0,1.0,1.0,1.0,1.0,1.0,1.0,1.0
2023-09-24 14:13:34,1.0,1.0,1.0,1.0,1.0,1.0,1.0,1.0,1.0,1.0
2023-09-24 14:13:39,1.0,1.0,1.0,1.0,1.0,1.0,1.0,1.0,1.0,1.0
2023-09-24 14:13:44,1.0,1.0,1.0,1.0,1.0,1.0,1.0,1.0,1.0,1.0
2023-09-24 14:13:49,1.0,1.0,1.0,1.0,1.0,1.0,1.0,1.0,1.0,1.0
2023-09-24 14:13:54,1.0,1.0,1.0,1.0,1.0,1.0,1.0,1.0,1.0,1.0
2023-09-24 14:13:59,1.0,1.0,1.0,1.0,1.0,1.0,1.0,1.0,1.0,1.0
2023-09-24 14:14:04,1.0,1.0,1.0,1.0,1.0,1.0,1.0,1.0,1.0,1.0
2023-09-24 14:14:09,1.0,1.0,1.0,1.0,1.0,1.0,1.0,1.0,1.0,1.0
2023-09-24 14:14:14,1.0,1.0,1.0,1.0,1.0,1.0,1.0,1.0,1.0,1.0
2023-09-24 14:14:19,1.0,1.0,1.0,1.0,1.0,1.0,1.0,1.0,1.0,1.0
2023-09-24 14:14:24,1.0,1.0,1.0,1.0,1.0,1.0,1.0,1.0,1.0,1.0
2023-09-24 14:14:29,1.0,1.0,1.0,1.0,1.0,1.0,1.0,1.0,1.0,1.0
2023-09-24 14:14:34,1.0,1.0,1.0,1.0,1.0,1.0,1.0,1.0,1.0,1.0
2023-09-24 14:14:39,1.0,1.0,1.0,1.0,1.0,1.0,1.0,1.0,1.0,1.0
2023-09-24 14:14:44,1.0,1.0,1.0,1.0,1.0,1.0,1.0,1.0,1.0,1.0
2023-09-24 14:14:49,1.0,1.0,1.0,1.0,1.0,1.0,1.0,1.0,1.0,1.0
2023-09-24 14:14:54,1.0,1.0,1.0,1.0,1.0,1.0,1.0,1.0,1.0,1.0
2023-09-24 14:14:59,1.0,1.0,1.0,1.0,1.0,1.0,1.0,1.0,1.0,1.0
2023-09-24 14:15:04,1.0,1.0,1.0,1.0,1.0,1.0,1.0,1.0,1.0,1.0
2023-09-24 14:15:09,1.0,1.0,1.0,1.0,1.0,1.0,1.0,1.0,1.0,1.0
2023-09-24 14:15:14,1.0,1.0,1.0,1.0,1.0,1.0,1.0,1.0,1.0,1.0
2023-09-24 14:15:19,1.0,1.0,1.0,1.0,1.0,1.0,1.0,1.0,1.0,1.0
2023-09-24 14:15:24,1.0,1.0,1.0,1.0,1.0,1.0,1.0,1.0,1.0,1.0
2023-09-24 14:15:29,1.0,1.0,1.0,1.0,1.0,1.0,1.0,1.0,1.0,1.0
2023-09-24 14:15:34,1.0,1.0,1.0,1.0,1.0,1.0,1.0,1.0,1.0,1.0
2023-09-24 14:15:39,1.0,1.0,1.0,1.0,1.0,1.0,1.0,1.0,1.0,1.0
2023-09-24 14:15:44,1.0,1.0,1.0,1.0,1.0,1.0,1.0,1.0,1.0,1.0
2023-09-24 14:15:49,1.0,1.0,1.0,1.0,1.0,1.0,1.0,1.0,1.0,1.0
2023-09-24 14:15:54,1.0,1.0,1.0,1.0,1.0,1.0,1.0,1.0,1.0,1.0
2023-09-24 14:15:59,1.0,1.0,1.0,1.0,1.0,1.0,1.0,1.0,1.0,1.0
2023-09-24 14:16:04,1.0,1.0,1.0,1.0,1.0,1.0,1.0,1.0,1.0,1.0
2023-09-24 14:16:09,1.0,1.0,1.0,1.0,1.0,1.0,1.0,1.0,1.0,1.0
2023-09-24 14:16:14,1.0,1.0,1.0,1.0,1.0,1.0,1.0,1.0,1.0,1.0
2023-09-24 14:16:19,1.0,1.0,1.0,1.0,1.0,1.0,1.0,1.0,1.0,1.0
2023-09-24 14:16:24,1.0,1.0,1.0,1.0,1.0,1.0,1.0,1.0,1.0,1.0
2023-09-24 14:16:29,1.0,1.0,1.0,1.0,1.0,1.0,1.0,1.0,1.0,1.0
2023-09-24 14:16:34,1.0,1.0,1.0,1.0,1.0,1.0,1.0,1.0,1.0,1.0
2023-09-24 14:16:39,1.0,1.0,1.0,1.0,1.0,1.0,1.0,1.0,1.0,1.0
2023-09-24 14:16:44,1.0,1.0,1.0,1.0,1.0,1.0,1.0,1.0,1.0,1.0
2023-09-24 14:16:49,1.0,1.0,1.0,1.0,1.0,1.0,1.0,1.0,1.0,1.0
2023-09-24 14:16:54,1.0,1.0,1.0,1.0,1.0,1.0,1.0,1.0,1.0,1.0
2023-09-24 14:16:59,1.0,1.0,1.0,1.0,1.0,1.0,1.0,1.0,1.0,1.0
2023-09-24 14:17:04,1.0,1.0,1.0,1.0,1.0,1.0,1.0,1.0,1.0,1.0
2023-09-24 14:17:09,1.0,1.0,1.0,1.0,1.0,1.0,1.0,1.0,1.0,1.0
2023-09-24 14:17:14,1.0,1.0,1.0,1.0,1.0,1.0,1.0,1.0,1.0,1.0
2023-09-24 14:17:19,1.0,1.0,1.0,1.0,1.0,1.0,1.0,1.0,1.0,1.0
2023-09-24 14:17:24,1.0,1.0,1.0,1.0,1.0,1.0,1.0,1.0,1.0,1.0
2023-09-24 14:17:29,1.0,1.0,1.0,1.0,1.0,1.0,1.0,1.0,1.0,1.0
2023-09-24 14:17:34,1.0,1.0,1.0,1.0,1.0,1.0,1.0,1.0,1.0,1.0
2023-09-24 14:17:39,1.0,1.0,1.0,1.0,1.0,1.0,1.0,1.0,1.0,1.0
2023-09-24 14:17:44,1.0,1.0,1.0,1.0,1.0,1.0,1.0,1.0,1.0,1.0
2023-09-24 14:17:49,1.0,1.0,1.0,1.0,1.0,1.0,1.0,1.0,1.0,1.0
2023-09-24 14:17:54,1.0,1.0,1.0,1.0,1.0,1.0,1.0,1.0,1.0,1.0
2023-09-24 14:17:59,1.0,1.0,1.0,1.0,1.0,1.0,1.0,1.0,1.0,1.0
2023-09-24 14:18:04,1.0,1.0,1.0,1.0,1.0,1.0,1.0,1.0,1.0,1.0
2023-09-24 14:18:09,1.0,1.0,1.0,1.0,1.0,1.0,1.0,1.0,1.0,1.0
2023-09-24 14:18:14,1.0,1.0,1.0,1.0,1.0,1.0,1.0,1.0,1.0,1.0
2023-09-24 14:18:19,1.0,1.0,1.0,1.0,1.0,1.0,1.0,1.0,1.0,1.0
2023-09-24 14:18:24,1.0,1.0,1.0,1.0,1.0,1.0,1.0,1.0,1.0,1.0
2023-09-24 14:18:29,1.0,1.0,1.0,1.0,1.0,1.0,1.0,1.0,1.0,1.0
2023-09-24 14:18:34,1.0,1.0,1.0,1.0,1.0,1.0,1.0,1.0,1.0,1.0
2023-09-24 14:18:39,1.0,1.0,1.0,1.0,1.0,1.0,1.0,1.0,1.0,1.0
2023-09-24 14:18:44,1.0,1.0,1.0,1.0,1.0,1.0,1.0,1.0,1.0,1.0
2023-09-24 14:18:49,1.0,1.0,1.0,1.0,1.0,1.0,1.0,1.0,1.0,1.0
2023-09-24 14:18:54,1.0,1.0,1.0,1.0,1.0,1.0,1.0,1.0,1.0,1.0
2023-09-24 14:18:59,1.0,1.0,1.0,1.0,1.0,1.0,1.0,1.0,1.0,1.0
2023-09-24 14:19:04,1.0,1.0,1.0,1.0,1.0,1.0,1.0,1.0,1.0,1.0
2023-09-24 14:19:09,1.0,1.0,1.0,1.0,1.0,1.0,1.0,1.0,1.0,1.0
2023-09-24 14:19:14,1.0,1.0,1.0,1.0,1.0,1.0,1.0,1.0,1.0,1.0
2023-09-24 14:19:19,1.0,1.0,1.0,1.0,1.0,1.0,1.0,1.0,1.0,1.0
2023-09-24 14:19:24,1.0,1.0,1.0,1.0,1.0,1.0,1.0,1.0,1.0,1.0
2023-09-24 14:19:29,1.0,1.0,1.0,1.0,1.0,1.0,1.0,1.0,1.0,1.0
2023-09-24 14:19:34,1.0,1.0,1.0,1.0,1.0,1.0,1.0,1.0,1.0,1.0
2023-09-24 14:19:39,1.0,1.0,1.0,1.0,1.0,1.0,1.0,1.0,1.0,1.0
2023-09-24 14:19:44,1.0,1.0,1.0,1.0,1.0,1.0,1.0,1.0,1.0,1.0
2023-09-24 14:19:49,1.0,1.0,1.0,1.0,1.0,1.0,1.0,1.0,1.0,1.0
2023-09-24 14:19:54,1.0,1.0,1.0,1.0,1.0,1.0,1.0,1.0,1.0,1.0
2023-09-24 14:19:59,1.0,1.0,1.0,1.0,1.0,1.0,1.0,1.0,1.0,1.0
2023-09-24 14:20:04,1.0,1.0,1.0,1.0,1.0,1.0,1.0,1.0,1.0,1.0
2023-09-24 14:20:09,1.0,1.0,1.0,1.0,1.0,1.0,1.0,1.0,1.0,1.0
2023-09-24 14:20:14,1.0,1.0,1.0,1.0,1.0,1.0,1.0,1.0,1.0,1.0
2023-09-24 14:20:19,1.0,1.0,1.0,1.0,1.0,1.0,1.0,1.0,1.0,1.0
2023-09-24 14:20:24,1.0,1.0,1.0,1.0,1.0,1.0,1.0,1.0,1.0,1.0
2023-09-24 14:20:29,1.0,1.0,1.0,1.0,1.0,1.0,1.0,1.0,1.0,1.0
2023-09-24 14:20:34,1.0,1.0,1.0,1.0,1.0,1.0,1.0,1.0,1.0,1.0
2023-09-24 14:20:39,1.0,1.0,1.0,1.0,1.0,1.0,1.0,1.0,1.0,1.0
2023-09-24 14:20:44,1.0,1.0,1.0,1.0,1.0,1.0,1.0,1.0,1.0,1.0
2023-09-24 14:20:49,1.0,1.0,1.0,1.0,1.0,1.0,1.0,1.0,1.0,1.0
2023-09-24 14:20:54,1.0,1.0,1.0,1.0,1.0,1.0,1.0,1.0,1.0,1.0
2023-09-24 14:20:59,1.0,1.0,1.0,1.0,1.0,1.0,1.0,1.0,1.0,1.0
2023-09-24 14:21:04,1.0,1.0,1.0,1.0,1.0,1.0,1.0,1.0,1.0,1.0
2023-09-24 14:21:09,1.0,1.0,1.0,1.0,1.0,1.0,1.0,1.0,1.0,1.0
2023-09-24 14:21:14,1.0,1.0,1.0,1.0,1.0,1.0,1.0,1.0,1.0,1.0
timestamp,adservice,cartservice,checkoutservice,currencyservice,emailservice,frontend,paymentservice,productcatalogservice,recommendationservice,shippingservice
2023-09-24 14:21:14,1.0,1.0,1.0,1.0,1.0,1.0,1.0,1.0,1.0,1.0
2023-09-24 14:21:19,1.0,1.0,1.0,1.0,1.0,1.0,1.0,1.0,1.0,1.0
2023-09-24 14:21:24,1.0,1.0,1.0,1.0,1.0,1.0,1.0,1.0,1.0,1.0
2023-09-24 14:21:29,1.0,1.0,1.0,1.0,1.0,1.0,1.0,1.0,1.0,1.0
2023-09-24 14:21:34,1.0,1.0,1.0,1.0,1.0,1.0,1.0,1.0,1.0,1.0
2023-09-24 14:21:39,1.0,1.0,1.0,1.0,1.0,1.0,1.0,1.0,1.0,1.0
2023-09-24 14:21:44,1.0,1.0,1.0,1.0,1.0,1.0,1.0,1.0,1.0,1.0
2023-09-24 14:21:49,1.0,1.0,1.0,1.0,1.0,1.0,1.0,1.0,1.0,1.0
2023-09-24 14:21:54,1.0,1.0,1.0,1.0,1.0,1.0,1.0,1.0,1.0,1.0
2023-09-24 14:21:59,1.0,1.0,1.0,1.0,1.0,1.0,1.0,1.0,1.0,1.0
2023-09-24 14:22:04,1.0,1.0,1.0,1.0,1.0,1.0,1.0,1.0,1.0,1.0
2023-09-24 14:22:09,1.0,1.0,1.0,1.0,1.0,1.0,1.0,1.0,1.0,1.0
2023-09-24 14:22:14,1.0,1.0,1.0,1.0,1.0,1.0,1.0,1.0,1.0,1.0
2023-09-24 14:22:19,1.0,1.0,1.0,1.0,1.0,1.0,1.0,1.0,1.0,1.0
2023-09-24 14:22:24,1.0,1.0,1.0,1.0,1.0,1.0,1.0,1.0,1.0,1.0
2023-09-24 14:22:29,1.0,1.0,1.0,1.0,1.0,1.0,1.0,1.0,1.0,1.0
2023-09-24 14:22:34,1.0,1.0,1.0,1.0,1.0,1.0,1.0,1.0,1.0,1.0
2023-09-24 14:22:39,1.0,1.0,1.0,1.0,1.0,1.0,1.0,1.0,1.0,1.0
2023-09-24 14:22:44,1.0,1.0,1.0,1.0,1.0,1.0,1.0,1.0,1.0,1.0
2023-09-24 14:22:49,1.0,1.0,1.0,1.0,1.0,1.0,1.0,1.0,1.0,1.0
2023-09-24 14:22:54,1.0,1.0,1.0,1.0,1.0,1.0,1.0,1.0,1.0,1.0
2023-09-24 14:22:59,1.0,1.0,1.0,1.0,1.0,1.0,1.0,1.0,1.0,1.0
2023-09-24 14:23:04,1.0,1.0,1.0,1.0,1.0,1.0,1.0,1.0,1.0,1.0
2023-09-24 14:23:09,1.0,1.0,1.0,1.0,1.0,1.0,1.0,1.0,1.0,1.0
2023-09-24 14:23:14,1.0,1.0,1.0,1.0,1.0,1.0,1.0,1.0,1.0,1.0
2023-09-24 14:23:19,1.0,1.0,1.0,1.0,1.0,1.0,1.0,1.0,1.0,1.0
2023-09-24 14:23:24,1.0,1.0,1.0,1.0,1.0,1.0,1.0,1.0,1.0,1.0
2023-09-24 14:23:29,1.0,1.0,1.0,1.0,1.0,1.0,1.0,1.0,1.0,1.0
2023-09-24 14:23:34,1.0,1.0,1.0,1.0,1.0,1.0,1.0,1.0,1.0,1.0
2023-09-24 14:23:39,1.0,1.0,1.0,1.0,1.0,1.0,1.0,1.0,1.0,1.0
2023-09-24 14:23:44,1.0,1.0,1.0,1.0,1.0,1.0,1.0,1.0,1.0,1.0
2023-09-24 14:23:49,1.0,1.0,1.0,1.0,1.0,1.0,1.0,1.0,1.0,1.0
2023-09-24 14:23:54,1.0,1.0,1.0,1.0,1.0,1.0,1.0,1.0,1.0,1.0
2023-09-24 14:23:59,1.0,1.0,1.0,1.0,1.0,1.0,1.0,1.0,1.0,1.0
2023-09-24 14:24:04,1.0,1.0,1.0,1.0,1.0,1.0,1.0,1.0,1.0,1.0
2023-09-24 14:24:09,1.0,1.0,1.0,1.0,1.0,1.0,1.0,1.0,1.0,1.0
2023-09-24 14:24:14,1.0,1.0,1.0,1.0,1.0,1.0,1.0,1.0,1.0,1.0
2023-09-24 14:24:19,1.0,1.0,1.0,1.0,1.0,1.0,1.0,1.0,1.0,1.0
2023-09-24 14:24:24,1.0,1.0,1.0,1.0,1.0,1.0,1.0,1.0,1.0,1.0
2023-09-24 14:24:29,1.0,1.0,1.0,1.0,1.0,1.0,1.0,1.0,1.0,1.0
2023-09-24 14:24:34,1.0,1.0,1.0,1.0,1.0,1.0,1.0,1.0,1.0,1.0
2023-09-24 14:24:39,1.0,1.0,1.0,1.0,1.0,1.0,1.0,1.0,1.0,1.0
2023-09-24 14:24:44,1.0,1.0,1.0,1.0,1.0,1.0,1.0,1.0,1.0,1.0
2023-09-24 14:24:49,1.0,1.0,1.0,1.0,1.0,1.0,1.0,1.0,1.0,1.0
2023-09-24 14:24:54,1.0,1.0,1.0,1.0,1.0,1.0,1.0,1.0,1.0,1.0
2023-09-24 14:24:59,1.0,1.0,1.0,1.0,1.0,1.0,1.0,1.0,1.0,1.0
2023-09-24 14:25:04,1.0,1.0,1.0,1.0,1.0,1.0,1.0,1.0,1.0,1.0
2023-09-24 14:25:09,1.0,1.0,1.0,1.0,1.0,1.0,1.0,1.0,1.0,1.0
2023-09-24 14:25:14,1.0,1.0,1.0,1.0,1.0,1.0,1.0,1.0,1.0,1.0
2023-09-24 14:25:19,1.0,1.0,1.0,1.0,1.0,1.0,1.0,1.0,1.0,1.0
2023-09-24 14:25:24,1.0,1.0,1.0,1.0,1.0,1.0,1.0,1.0,1.0,1.0
2023-09-24 14:25:29,1.0,1.0,1.0,1.0,1.0,1.0,1.0,1.0,1.0,1.0
2023-09-24 14:25:34,1.0,1.0,1.0,1.0,1.0,1.0,1.0,1.0,1.0,1.0
2023-09-24 14:25:39,1.0,1.0,1.0,1.0,1.0,1.0,1.0,1.0,1.0,1.0
2023-09-24 14:25:44,1.0,1.0,1.0,1.0,1.0,1.0,1.0,1.0,1.0,1.0
2023-09-24 14:25:49,1.0,1.0,1.0,1.0,1.0,1.0,1.0,1.0,1.0,1.0
2023-09-24 14:25:54,1.0,1.0,1.0,1.0,1.0,1.0,1.0,1.0,1.0,1.0
2023-09-24 14:25:59,1.0,1.0,1.0,1.0,1.0,1.0,1.0,1.0,1.0,1.0
2023-09-24 14:26:04,1.0,1.0,1.0,1.0,1.0,1.0,1.0,1.0,1.0,1.0
2023-09-24 14:26:09,1.0,1.0,1.0,1.0,1.0,1.0,1.0,1.0,1.0,1.0
2023-09-24 14:26:14,1.0,1.0,1.0,1.0,1.0,1.0,1.0,1.0,1.0,1.0
2023-09-24 14:26:19,1.0,1.0,1.0,1.0,1.0,1.0,1.0,1.0,1.0,1.0
2023-09-24 14:26:24,1.0,1.0,1.0,1.0,1.0,1.0,1.0,1.0,1.0,1.0
2023-09-24 14:26:29,1.0,1.0,1.0,1.0,1.0,1.0,1.0,1.0,1.0,1.0
2023-09-24 14:26:34,1.0,1.0,1.0,1.0,1.0,1.0,1.0,1.0,1.0,1.0
2023-09-24 14:26:39,1.0,1.0,1.0,1.0,1.0,1.0,1.0,1.0,1.0,1.0
2023-09-24 14:26:44,1.0,1.0,1.0,1.0,1.0,1.0,1.0,1.0,1.0,1.0
2023-09-24 14:26:49,1.0,1.0,1.0,1.0,1.0,1.0,1.0,1.0,1.0,1.0
2023-09-24 14:26:54,1.0,1.0,1.0,1.0,1.0,1.0,1.0,1.0,1.0,1.0
2023-09-24 14:26:59,1.0,1.0,1.0,1.0,1.0,1.0,1.0,1.0,1.0,1.0
2023-09-24 14:27:04,1.0,1.0,1.0,1.0,1.0,1.0,1.0,1.0,1.0,1.0
2023-09-24 14:27:09,1.0,1.0,1.0,1.0,1.0,1.0,1.0,1.0,1.0,1.0
2023-09-24 14:27:14,1.0,1.0,1.0,1.0,1.0,1.0,1.0,1.0,1.0,1.0
2023-09-24 14:27:19,1.0,1.0,1.0,1.0,1.0,1.0,1.0,1.0,1.0,1.0
2023-09-24 14:27:24,1.0,1.0,1.0,1.0,1.0,1.0,1.0,1.0,1.0,1.0
2023-09-24 14:27:29,1.0,1.0,1.0,1.0,1.0,1.0,1.0,1.0,1.0,1.0
2023-09-24 14:27:34,1.0,1.0,1.0,1.0,1.0,1.0,1.0,1.0,1.0,1.0
2023-09-24 14:27:39,1.0,1.0,1.0,1.0,1.0,1.0,1.0,1.0,1.0,1.0
2023-09-24 14:27:44,1.0,1.0,1.0,1.0,1.0,1.0,1.0,1.0,1.0,1.0
2023-09-24 14:27:49,1.0,1.0,1.0,1.0,1.0,1.0,1.0,1.0,1.0,1.0
2023-09-24 14:27:54,1.0,1.0,1.0,1.0,1.0,1.0,1.0,1.0,1.0,1.0
2023-09-24 14:27:59,1.0,1.0,1.0,1.0,1.0,1.0,1.0,1.0,1.0,1.0
2023-09-24 14:28:04,1.0,1.0,1.0,1.0,1.0,1.0,1.0,1.0,1.0,1.0
2023-09-24 14:28:09,1.0,1.0,1.0,1.0,1.0,1.0,1.0,1.0,1.0,1.0
2023-09-24 14:28:14,1.0,1.0,1.0,1.0,1.0,1.0,1.0,1.0,1.0,1.0
2023-09-24 14:28:19,1.0,1.0,1.0,1.0,1.0,1.0,1.0,1.0,1.0,1.0
2023-09-24 14:28:24,1.0,1.0,1.0,1.0,1.0,1.0,1.0,1.0,1.0,1.0
2023-09-24 14:28:29,1.0,1.0,1.0,1.0,1.0,1.0,1.0,1.0,1.0,1.0
2023-09-24 14:28:34,1.0,1.0,1.0,1.0,1.0,1.0,1.0,1.0,1.0,1.0
2023-09-24 14:28:39,1.0,1.0,1.0,1.0,1.0,1.0,1.0,1.0,1.0,1.0
2023-09-24 14:28:44,1.0,1.0,1.0,1.0,1.0,1.0,1.0,1.0,1.0,1.0
2023-09-24 14:28:49,1.0,1.0,1.0,1.0,1.0,1.0,1.0,1.0,1.0,1.0
2023-09-24 14:28:54,1.0,1.0,1.0,1.0,1.0,1.0,1.0,1.0,1.0,1.0
2023-09-24 14:28:59,1.0,1.0,1.0,1.0,1.0,1.0,1.0,1.0,1.0,1.0
2023-09-24 14:29:04,1.0,1.0,1.0,1.0,1.0,1.0,1.0,1.0,1.0,1.0
2023-09-24 14:29:09,1.0,1.0,1.0,1.0,1.0,1.0,1.0,1.0,1.0,1.0
2023-09-24 14:29:14,1.0,1.0,1.0,1.0,1.0,1.0,1.0,1.0,1.0,1.0
2023-09-24 14:29:19,1.0,1.0,1.0,1.0,1.0,1.0,1.0,1.0,1.0,1.0
2023-09-24 14:29:24,1.0,1.0,1.0,1.0,1.0,1.0,1.0,1.0,1.0,1.0
2023-09-24 14:29:29,1.0,1.0,1.0,1.0,1.0,1.0,1.0,1.0,1.0,1.0
2023-09-24 14:29:34,1.0,1.0,1.0,1.0,1.0,1.0,1.0,1.0,1.0,1.0
2023-09-24 14:29:39,1.0,1.0,1.0,1.0,1.0,1.0,1.0,1.0,1.0,1.0
2023-09-24 14:29:44,1.0,1.0,1.0,1.0,1.0,1.0,1.0,1.0,1.0,1.0
2023-09-24 14:29:49,1.0,1.0,1.0,1.0,1.0,1.0,1.0,1.0,1.0,1.0
2023-09-24 14:29:54,1.0,1.0,1.0,1.0,1.0,1.0,1.0,1.0,1.0,1.0
2023-09-24 14:29:59,1.0,1.0,1.0,1.0,1.0,1.0,1.0,1.0,1.0,1.0
2023-09-24 14:30:04,1.0,1.0,1.0,1.0,1.0,1.0,1.0,1.0,1.0,1.0
2023-09-24 14:30:09,1.0,1.0,1.0,1.0,1.0,1.0,1.0,1.0,1.0,1.0
2023-09-24 14:30:14,1.0,1.0,1.0,1.0,1.0,1.0,1.0,1.0,1.0,1.0
2023-09-24 14:30:19,1.0,1.0,1.0,1.0,1.0,1.0,1.0,1.0,1.0,1.0
2023-09-24 14:30:24,1.0,1.0,1.0,1.0,1.0,1.0,1.0,1.0,1.0,1.0
2023-09-24 14:30:29,1.0,1.0,1.0,1.0,1.0,1.0,1.0,1.0,1.0,1.0
2023-09-24 14:30:34,1.0,1.0,1.0,1.0,1.0,1.0,1.0,1.0,1.0,1.0
2023-09-24 14:30:39,1.0,1.0,1.0,1.0,1.0,1.0,1.0,1.0,1.0,1.0
2023-09-24 14:30:44,1.0,1.0,1.0,1.0,1.0,1.0,1.0,1.0,1.0,1.0
2023-09-24 14:30:49,1.0,1.0,1.0,1.0,1.0,1.0,1.0,1.0,1.0,1.0
2023-09-24 14:30:54,1.0,1.0,1.0,1.0,1.0,1.0,1.0,1.0,1.0,1.0
2023-09-24 14:30:59,1.0,1.0,1.0,1.0,1.0,1.0,1.0,1.0,1.0,1.0
2023-09-24 14:31:04,1.0,1.0,1.0,1.0,1.0,1.0,1.0,1.0,1.0,1.0
2023-09-24 14:31:09,1.0,1.0,1.0,1.0,1.0,1.0,1.0,1.0,1.0,1.0
2023-09-24 14:31:14,1.0,1.0,1.0,1.0,1.0,1.0,1.0,1.0,1.0,1.0
timestamp,adservice,cartservice,checkoutservice,currencyservice,emailservice,frontend,paymentservice,productcatalogservice,recommendationservice,shippingservice
2023-09-24 14:31:14,1.0,1.0,1.0,1.0,1.0,1.0,1.0,1.0,1.0,1.0
2023-09-24 14:31:19,1.0,1.0,1.0,1.0,1.0,1.0,1.0,1.0,1.0,1.0
2023-09-24 14:31:24,1.0,1.0,1.0,1.0,1.0,1.0,1.0,1.0,1.0,1.0
2023-09-24 14:31:29,1.0,1.0,1.0,1.0,1.0,1.0,1.0,1.0,1.0,1.0
2023-09-24 14:31:34,1.0,1.0,1.0,1.0,1.0,1.0,1.0,1.0,1.0,1.0
2023-09-24 14:31:39,1.0,1.0,1.0,1.0,1.0,1.0,1.0,1.0,1.0,1.0
2023-09-24 14:31:44,1.0,1.0,1.0,1.0,1.0,1.0,1.0,1.0,1.0,1.0
2023-09-24 14:31:49,1.0,1.0,1.0,1.0,1.0,1.0,1.0,1.0,1.0,1.0
2023-09-24 14:31:54,1.0,1.0,1.0,1.0,1.0,1.0,1.0,1.0,1.0,1.0
2023-09-24 14:31:59,1.0,1.0,1.0,1.0,1.0,1.0,1.0,1.0,1.0,1.0
2023-09-24 14:32:04,1.0,1.0,1.0,1.0,1.0,1.0,1.0,1.0,1.0,1.0
2023-09-24 14:32:09,1.0,1.0,1.0,1.0,1.0,1.0,1.0,1.0,1.0,1.0
2023-09-24 14:32:14,1.0,1.0,1.0,1.0,1.0,1.0,1.0,1.0,1.0,1.0
2023-09-24 14:32:19,1.0,1.0,1.0,1.0,1.0,1.0,1.0,1.0,1.0,1.0
2023-09-24 14:32:24,1.0,1.0,1.0,1.0,1.0,1.0,1.0,1.0,1.0,1.0
2023-09-24 14:32:29,1.0,1.0,1.0,1.0,1.0,1.0,1.0,1.0,1.0,1.0
2023-09-24 14:32:34,1.0,1.0,1.0,1.0,1.0,1.0,1.0,1.0,1.0,1.0
2023-09-24 14:32:39,1.0,1.0,1.0,1.0,1.0,1.0,1.0,1.0,1.0,1.0
2023-09-24 14:32:44,1.0,1.0,1.0,1.0,1.0,1.0,1.0,1.0,1.0,1.0
2023-09-24 14:32:49,1.0,1.0,1.0,1.0,1.0,1.0,1.0,1.0,1.0,1.0
2023-09-24 14:32:54,1.0,1.0,1.0,1.0,1.0,1.0,1.0,1.0,1.0,1.0
2023-09-24 14:32:59,1.0,1.0,1.0,1.0,1.0,1.0,1.0,1.0,1.0,1.0
2023-09-24 14:33:04,1.0,1.0,1.0,1.0,1.0,1.0,1.0,1.0,1.0,1.0
2023-09-24 14:33:09,1.0,1.0,1.0,1.0,1.0,1.0,1.0,1.0,1.0,1.0
2023-09-24 14:33:14,1.0,1.0,1.0,1.0,1.0,1.0,1.0,1.0,1.0,1.0
2023-09-24 14:33:19,1.0,1.0,1.0,1.0,1.0,1.0,1.0,1.0,1.0,1.0
2023-09-24 14:33:24,1.0,1.0,1.0,1.0,1.0,1.0,1.0,1.0,1.0,1.0
2023-09-24 14:33:29,1.0,1.0,1.0,1.0,1.0,1.0,1.0,1.0,1.0,1.0
2023-09-24 14:33:34,1.0,1.0,1.0,1.0,1.0,1.0,1.0,1.0,1.0,1.0
2023-09-24 14:33:39,1.0,1.0,1.0,1.0,1.0,1.0,1.0,1.0,1.0,1.0
2023-09-24 14:33:44,1.0,1.0,1.0,1.0,1.0,1.0,1.0,1.0,1.0,1.0
2023-09-24 14:33:49,1.0,1.0,1.0,1.0,1.0,1.0,1.0,1.0,1.0,1.0
2023-09-24 14:33:54,1.0,1.0,1.0,1.0,1.0,1.0,1.0,1.0,1.0,1.0
2023-09-24 14:33:59,1.0,1.0,1.0,1.0,1.0,1.0,1.0,1.0,1.0,1.0
2023-09-24 14:34:04,1.0,1.0,1.0,1.0,1.0,1.0,1.0,1.0,1.0,1.0
2023-09-24 14:34:09,1.0,1.0,1.0,1.0,1.0,1.0,1.0,1.0,1.0,1.0
2023-09-24 14:34:14,1.0,1.0,1.0,1.0,1.0,1.0,1.0,1.0,1.0,1.0
2023-09-24 14:34:19,1.0,1.0,1.0,1.0,1.0,1.0,1.0,1.0,1.0,1.0
2023-09-24 14:34:24,1.0,1.0,1.0,1.0,1.0,1.0,1.0,1.0,1.0,1.0
2023-09-24 14:34:29,1.0,1.0,1.0,1.0,1.0,1.0,1.0,1.0,1.0,1.0
2023-09-24 14:34:34,1.0,1.0,1.0,1.0,1.0,1.0,1.0,1.0,1.0,1.0
2023-09-24 14:34:39,1.0,1.0,1.0,1.0,1.0,1.0,1.0,1.0,1.0,1.0
2023-09-24 14:34:44,1.0,1.0,1.0,1.0,1.0,1.0,1.0,1.0,1.0,1.0
2023-09-24 14:34:49,1.0,1.0,1.0,1.0,1.0,1.0,1.0,1.0,1.0,1.0
2023-09-24 14:34:54,1.0,1.0,1.0,1.0,1.0,1.0,1.0,1.0,1.0,1.0
2023-09-24 14:34:59,1.0,1.0,1.0,1.0,1.0,1.0,1.0,1.0,1.0,1.0
2023-09-24 14:35:04,1.0,1.0,1.0,1.0,1.0,1.0,1.0,1.0,1.0,1.0
2023-09-24 14:35:09,1.0,1.0,1.0,1.0,1.0,1.0,1.0,1.0,1.0,1.0
2023-09-24 14:35:14,1.0,1.0,1.0,1.0,1.0,1.0,1.0,1.0,1.0,1.0
2023-09-24 14:35:19,1.0,1.0,1.0,1.0,1.0,1.0,1.0,1.0,1.0,1.0
2023-09-24 14:35:24,1.0,1.0,1.0,1.0,1.0,1.0,1.0,1.0,1.0,1.0
2023-09-24 14:35:29,1.0,1.0,1.0,1.0,1.0,1.0,1.0,1.0,1.0,1.0
2023-09-24 14:35:34,1.0,1.0,1.0,1.0,1.0,1.0,1.0,1.0,1.0,1.0
2023-09-24 14:35:39,1.0,1.0,1.0,1.0,1.0,1.0,1.0,1.0,1.0,1.0
2023-09-24 14:35:44,1.0,1.0,1.0,1.0,1.0,1.0,1.0,1.0,1.0,1.0
2023-09-24 14:35:49,1.0,1.0,1.0,1.0,1.0,1.0,1.0,1.0,1.0,1.0
2023-09-24 14:35:54,1.0,1.0,1.0,1.0,1.0,1.0,1.0,1.0,1.0,1.0
2023-09-24 14:35:59,1.0,1.0,1.0,1.0,1.0,1.0,1.0,1.0,1.0,1.0
2023-09-24 14:36:04,1.0,1.0,1.0,1.0,1.0,1.0,1.0,1.0,1.0,1.0
2023-09-24 14:36:09,1.0,1.0,1.0,1.0,1.0,1.0,1.0,1.0,1.0,1.0
2023-09-24 14:36:14,1.0,1.0,1.0,1.0,1.0,1.0,1.0,1.0,1.0,1.0
2023-09-24 14:36:19,1.0,1.0,1.0,1.0,1.0,1.0,1.0,1.0,1.0,1.0
2023-09-24 14:36:24,1.0,1.0,1.0,1.0,1.0,1.0,1.0,1.0,1.0,1.0
2023-09-24 14:36:29,1.0,1.0,1.0,1.0,1.0,1.0,1.0,1.0,1.0,1.0
2023-09-24 14:36:34,1.0,1.0,1.0,1.0,1.0,1.0,1.0,1.0,1.0,1.0
2023-09-24 14:36:39,1.0,1.0,1.0,1.0,1.0,1.0,1.0,1.0,1.0,1.0
2023-09-24 14:36:44,1.0,1.0,1.0,1.0,1.0,1.0,1.0,1.0,1.0,1.0
2023-09-24 14:36:49,1.0,1.0,1.0,1.0,1.0,1.0,1.0,1.0,1.0,1.0
2023-09-24 14:36:54,1.0,1.0,1.0,1.0,1.0,1.0,1.0,1.0,1.0,1.0
2023-09-24 14:36:59,1.0,1.0,1.0,1.0,1.0,1.0,1.0,1.0,1.0,1.0
2023-09-24 14:37:04,1.0,1.0,1.0,1.0,1.0,1.0,1.0,1.0,1.0,1.0
2023-09-24 14:37:09,1.0,1.0,1.0,1.0,1.0,1.0,1.0,1.0,1.0,1.0
2023-09-24 14:37:14,1.0,1.0,1.0,1.0,1.0,1.0,1.0,1.0,1.0,1.0
2023-09-24 14:37:19,1.0,1.0,1.0,1.0,1.0,1.0,1.0,1.0,1.0,1.0
2023-09-24 14:37:24,1.0,1.0,1.0,1.0,1.0,1.0,1.0,1.0,1.0,1.0
2023-09-24 14:37:29,1.0,1.0,1.0,1.0,1.0,1.0,1.0,1.0,1.0,1.0
2023-09-24 14:37:34,1.0,1.0,1.0,1.0,1.0,1.0,1.0,1.0,1.0,1.0
2023-09-24 14:37:39,1.0,1.0,1.0,1.0,1.0,1.0,1.0,1.0,1.0,1.0
2023-09-24 14:37:44,1.0,1.0,1.0,1.0,1.0,1.0,1.0,1.0,1.0,1.0
2023-09-24 14:37:49,1.0,1.0,1.0,1.0,1.0,1.0,1.0,1.0,1.0,1.0
2023-09-24 14:37:54,1.0,1.0,1.0,1.0,1.0,1.0,1.0,1.0,1.0,1.0
2023-09-24 14:37:59,1.0,1.0,1.0,1.0,1.0,1.0,1.0,1.0,1.0,1.0
2023-09-24 14:38:04,1.0,1.0,1.0,1.0,1.0,1.0,1.0,1.0,1.0,1.0
2023-09-24 14:38:09,1.0,1.0,1.0,1.0,1.0,1.0,1.0,1.0,1.0,1.0
2023-09-24 14:38:14,1.0,1.0,1.0,1.0,1.0,1.0,1.0,1.0,1.0,1.0
2023-09-24 14:38:19,1.0,1.0,1.0,1.0,1.0,1.0,1.0,1.0,1.0,1.0
2023-09-24 14:38:24,1.0,1.0,1.0,1.0,1.0,1.0,1.0,1.0,1.0,1.0
2023-09-24 14:38:29,1.0,1.0,1.0,1.0,1.0,1.0,1.0,1.0,1.0,1.0
2023-09-24 14:38:34,1.0,1.0,1.0,1.0,1.0,1.0,1.0,1.0,1.0,1.0
2023-09-24 14:38:39,1.0,1.0,1.0,1.0,1.0,1.0,1.0,1.0,1.0,1.0
2023-09-24 14:38:44,1.0,1.0,1.0,1.0,1.0,1.0,1.0,1.0,1.0,1.0
2023-09-24 14:38:49,1.0,1.0,1.0,1.0,1.0,1.0,1.0,1.0,1.0,1.0
2023-09-24 14:38:54,1.0,1.0,1.0,1.0,1.0,1.0,1.0,1.0,1.0,1.0
2023-09-24 14:38:59,1.0,1.0,1.0,1.0,1.0,1.0,1.0,1.0,1.0,1.0
2023-09-24 14:39:04,1.0,1.0,1.0,1.0,1.0,1.0,1.0,1.0,1.0,1.0
2023-09-24 14:39:09,1.0,1.0,1.0,1.0,1.0,1.0,1.0,1.0,1.0,1.0
2023-09-24 14:39:14,1.0,1.0,1.0,1.0,1.0,1.0,1.0,1.0,1.0,1.0
2023-09-24 14:39:19,1.0,1.0,1.0,1.0,1.0,1.0,1.0,1.0,1.0,1.0
2023-09-24 14:39:24,1.0,1.0,1.0,1.0,1.0,1.0,1.0,1.0,1.0,1.0
2023-09-24 14:39:29,1.0,1.0,1.0,1.0,1.0,1.0,1.0,1.0,1.0,1.0
2023-09-24 14:39:34,1.0,1.0,1.0,1.0,1.0,1.0,1.0,1.0,1.0,1.0
2023-09-24 14:39:39,1.0,1.0,1.0,1.0,1.0,1.0,1.0,1.0,1.0,1.0
2023-09-24 14:39:44,1.0,1.0,1.0,1.0,1.0,1.0,1.0,1.0,1.0,1.0
2023-09-24 14:39:49,1.0,1.0,1.0,1.0,1.0,1.0,1.0,1.0,1.0,1.0
2023-09-24 14:39:54,1.0,1.0,1.0,1.0,1.0,1.0,1.0,1.0,1.0,1.0
2023-09-24 14:39:59,1.0,1.0,1.0,1.0,1.0,1.0,1.0,1.0,1.0,1.0
2023-09-24 14:40:04,1.0,1.0,1.0,1.0,1.0,1.0,1.0,1.0,1.0,1.0
2023-09-24 14:40:09,1.0,1.0,1.0,1.0,1.0,1.0,1.0,1.0,1.0,1.0
2023-09-24 14:40:14,1.0,1.0,1.0,1.0,1.0,1.0,1.0,1.0,1.0,1.0
2023-09-24 14:40:19,1.0,1.0,1.0,1.0,1.0,1.0,1.0,1.0,1.0,1.0
2023-09-24 14:40:24,1.0,1.0,1.0,1.0,1.0,1.0,1.0,1.0,1.0,1.0
2023-09-24 14:40:29,1.0,1.0,1.0,1.0,1.0,1.0,1.0,1.0,1.0,1.0
2023-09-24 14:40:34,1.0,1.0,1.0,1.0,1.0,1.0,1.0,1.0,1.0,1.0
2023-09-24 14:40:39,1.0,1.0,1.0,1.0,1.0,1.0,1.0,1.0,1.0,1.0
2023-09-24 14:40:44,1.0,1.0,1.0,1.0,1.0,1.0,1.0,1.0,1.0,1.0
2023-09-24 14:40:49,1.0,1.0,1.0,1.0,1.0,1.0,1.0,1.0,1.0,1.0
2023-09-24 14:40:54,1.0,1.0,1.0,1.0,1.0,1.0,1.0,1.0,1.0,1.0
2023-09-24 14:40:59,1.0,1.0,1.0,1.0,1.0,1.0,1.0,1.0,1.0,1.0
2023-09-24 14:41:04,1.0,1.0,1.0,1.0,1.0,1.0,1.0,1.0,1.0,1.0
2023-09-24 14:41:09,1.0,1.0,1.0,1.0,1.0,1.0,1.0,1.0,1.0,1.0
2023-09-24 14:41:14,1.0,1.0,1.0,1.0,1.0,1.0,1.0,1.0,1.0,1.0
