source,destination,timestamp
openclaw-gateway,details-v1,2026-03-25 10:19:10
unknown,details-v1,2026-03-25 10:19:10
ratings-v1-5f7bb6dbdd-hb8rk,node-221,2026-03-25 10:19:10
openclaw-gateway,ratings-v1,2026-03-25 10:19:10
reviews-v2,ratings-v1,2026-03-25 10:19:10
reviews-v3,ratings-v1,2026-03-25 10:19:10
reviews-v3-7778f74db8-bk7k6,node-219,2026-03-25 10:19:10
unknown,ratings-v1,2026-03-25 10:19:10
openclaw-gateway,reviews-v1,2026-03-25 10:19:10
productpage-v1,reviews-v1,2026-03-25 10:19:10
reviews-v2-78f7489cc8-kfj2q,node-219,2026-03-25 10:19:10
openclaw-gateway,reviews-v2,2026-03-25 10:19:10
productpage-v1,reviews-v2,2026-03-25 10:19:10
unknown,reviews-v1,2026-03-25 10:19:10
productpage-v1,details-v1,2026-03-25 10:19:10
unknown,reviews-v2,2026-03-25 10:19:10
details-v1-bf9f794fb-zxrkg,node-219,2026-03-25 10:19:10
openclaw-gateway,reviews-v3,2026-03-25 10:19:10
unknown,reviews-v3,2026-03-25 10:19:10
productpage-v1,reviews-v3,2026-03-25 10:19:10
productpage-v1-649f4b6b86-h6nsx,node-219,2026-03-25 10:19:10
reviews-v1-665cdc9c56-bnc58,node-219,2026-03-25 10:19:10
details-v1-bf9f794fb-zxrkg,node-219,2026-03-25 10:19:15
unknown,details-v1,2026-03-25 10:19:15
ratings-v1-5f7bb6dbdd-hb8rk,node-221,2026-03-25 10:19:15
unknown,reviews-v3,2026-03-25 10:19:15
openclaw-gateway,ratings-v1,2026-03-25 10:19:15
reviews-v2,ratings-v1,2026-03-25 10:19:15
reviews-v3,ratings-v1,2026-03-25 10:19:15
reviews-v1-665cdc9c56-bnc58,node-219,2026-03-25 10:19:15
productpage-v1-649f4b6b86-h6nsx,node-219,2026-03-25 10:19:15
unknown,ratings-v1,2026-03-25 10:19:15
openclaw-gateway,reviews-v1,2026-03-25 10:19:15
openclaw-gateway,reviews-v3,2026-03-25 10:19:15
reviews-v2-78f7489cc8-kfj2q,node-219,2026-03-25 10:19:15
productpage-v1,details-v1,2026-03-25 10:19:15
unknown,reviews-v1,2026-03-25 10:19:15
unknown,reviews-v2,2026-03-25 10:19:15
openclaw-gateway,reviews-v2,2026-03-25 10:19:15
productpage-v1,reviews-v2,2026-03-25 10:19:15
reviews-v3-7778f74db8-bk7k6,node-219,2026-03-25 10:19:15
productpage-v1,reviews-v3,2026-03-25 10:19:15
productpage-v1,reviews-v1,2026-03-25 10:19:15
openclaw-gateway,details-v1,2026-03-25 10:19:15
productpage-v1,reviews-v2,2026-03-25 10:19:20
productpage-v1,reviews-v1,2026-03-25 10:19:20
openclaw-gateway,reviews-v1,2026-03-25 10:19:20
reviews-v2,ratings-v1,2026-03-25 10:19:20
reviews-v3-7778f74db8-bk7k6,node-219,2026-03-25 10:19:20
unknown,ratings-v1,2026-03-25 10:19:20
reviews-v2-78f7489cc8-kfj2q,node-219,2026-03-25 10:19:20
productpage-v1-649f4b6b86-h6nsx,node-219,2026-03-25 10:19:20
unknown,details-v1,2026-03-25 10:19:20
productpage-v1,details-v1,2026-03-25 10:19:20
reviews-v3,ratings-v1,2026-03-25 10:19:20
unknown,reviews-v1,2026-03-25 10:19:20
openclaw-gateway,ratings-v1,2026-03-25 10:19:20
unknown,reviews-v3,2026-03-25 10:19:20
openclaw-gateway,reviews-v2,2026-03-25 10:19:20
unknown,reviews-v2,2026-03-25 10:19:20
productpage-v1,reviews-v3,2026-03-25 10:19:20
details-v1-bf9f794fb-zxrkg,node-219,2026-03-25 10:19:20
openclaw-gateway,details-v1,2026-03-25 10:19:20
ratings-v1-5f7bb6dbdd-hb8rk,node-221,2026-03-25 10:19:20
reviews-v1-665cdc9c56-bnc58,node-219,2026-03-25 10:19:20
openclaw-gateway,reviews-v3,2026-03-25 10:19:20
ratings-v1-5f7bb6dbdd-hb8rk,node-221,2026-03-25 10:19:25
productpage-v1,reviews-v1,2026-03-25 10:19:25
productpage-v1,reviews-v2,2026-03-25 10:19:25
reviews-v2,ratings-v1,2026-03-25 10:19:25
reviews-v2-78f7489cc8-kfj2q,node-219,2026-03-25 10:19:25
openclaw-gateway,ratings-v1,2026-03-25 10:19:25
productpage-v1-649f4b6b86-h6nsx,node-219,2026-03-25 10:19:25
openclaw-gateway,reviews-v2,2026-03-25 10:19:25
unknown,details-v1,2026-03-25 10:19:25
openclaw-gateway,details-v1,2026-03-25 10:19:25
unknown,reviews-v3,2026-03-25 10:19:25
details-v1-bf9f794fb-zxrkg,node-219,2026-03-25 10:19:25
openclaw-gateway,reviews-v3,2026-03-25 10:19:25
reviews-v3,ratings-v1,2026-03-25 10:19:25
unknown,reviews-v1,2026-03-25 10:19:25
productpage-v1,reviews-v3,2026-03-25 10:19:25
unknown,reviews-v2,2026-03-25 10:19:25
unknown,ratings-v1,2026-03-25 10:19:25
reviews-v3-7778f74db8-bk7k6,node-219,2026-03-25 10:19:25
openclaw-gateway,reviews-v1,2026-03-25 10:19:25
reviews-v1-665cdc9c56-bnc58,node-219,2026-03-25 10:19:25
productpage-v1,details-v1,2026-03-25 10:19:25
reviews-v2,ratings-v1,2026-03-25 10:19:30
openclaw-gateway,details-v1,2026-03-25 10:19:30
reviews-v2-78f7489cc8-kfj2q,node-219,2026-03-25 10:19:30
productpage-v1,reviews-v2,2026-03-25 10:19:30
unknown,details-v1,2026-03-25 10:19:30
details-v1-bf9f794fb-zxrkg,node-219,2026-03-25 10:19:30
unknown,reviews-v1,2026-03-25 10:19:30
reviews-v3-7778f74db8-bk7k6,node-219,2026-03-25 10:19:30
productpage-v1-649f4b6b86-h6nsx,node-219,2026-03-25 10:19:30
productpage-v1,details-v1,2026-03-25 10:19:30
openclaw-gateway,reviews-v2,2026-03-25 10:19:30
reviews-v1-665cdc9c56-bnc58,node-219,2026-03-25 10:19:30
unknown,ratings-v1,2026-03-25 10:19:30
ratings-v1-5f7bb6dbdd-hb8rk,node-221,2026-03-25 10:19:30
reviews-v3,ratings-v1,2026-03-25 10:19:30
openclaw-gateway,reviews-v3,2026-03-25 10:19:30
openclaw-gateway,reviews-v1,2026-03-25 10:19:30
productpage-v1,reviews-v1,2026-03-25 10:19:30
unknown,productpage-v1,2026-03-25 10:19:30
openclaw-gateway,ratings-v1,2026-03-25 10:19:30
unknown,reviews-v3,2026-03-25 10:19:30
productpage-v1,reviews-v3,2026-03-25 10:19:30
unknown,reviews-v2,2026-03-25 10:19:30
unknown,details-v1,2026-03-25 10:19:35
details-v1-bf9f794fb-zxrkg,node-219,2026-03-25 10:19:35
unknown,reviews-v2,2026-03-25 10:19:35
openclaw-gateway,ratings-v1,2026-03-25 10:19:35
openclaw-gateway,details-v1,2026-03-25 10:19:35
unknown,ratings-v1,2026-03-25 10:19:35
openclaw-gateway,reviews-v3,2026-03-25 10:19:35
unknown,reviews-v3,2026-03-25 10:19:35
unknown,reviews-v1,2026-03-25 10:19:35
reviews-v3-7778f74db8-bk7k6,node-219,2026-03-25 10:19:35
reviews-v2,ratings-v1,2026-03-25 10:19:35
reviews-v1-665cdc9c56-bnc58,node-219,2026-03-25 10:19:35
ratings-v1-5f7bb6dbdd-hb8rk,node-221,2026-03-25 10:19:35
reviews-v3,ratings-v1,2026-03-25 10:19:35
openclaw-gateway,reviews-v2,2026-03-25 10:19:35
reviews-v2-78f7489cc8-kfj2q,node-219,2026-03-25 10:19:35
productpage-v1-649f4b6b86-h6nsx,node-219,2026-03-25 10:19:35
openclaw-gateway,reviews-v1,2026-03-25 10:19:35
productpage-v1,details-v1,2026-03-25 10:19:35
unknown,productpage-v1,2026-03-25 10:19:35
productpage-v1,reviews-v2,2026-03-25 10:19:35
productpage-v1,reviews-v1,2026-03-25 10:19:35
productpage-v1,reviews-v3,2026-03-25 10:19:35
unknown,reviews-v1,2026-03-25 10:19:40
unknown,reviews-v2,2026-03-25 10:19:40
unknown,productpage-v1,2026-03-25 10:19:40
openclaw-gateway,reviews-v2,2026-03-25 10:19:40
reviews-v1-665cdc9c56-bnc58,node-219,2026-03-25 10:19:40
openclaw-gateway,ratings-v1,2026-03-25 10:19:40
unknown,details-v1,2026-03-25 10:19:40
ratings-v1-5f7bb6dbdd-hb8rk,node-221,2026-03-25 10:19:40
openclaw-gateway,details-v1,2026-03-25 10:19:40
reviews-v2-78f7489cc8-kfj2q,node-219,2026-03-25 10:19:40
details-v1-bf9f794fb-zxrkg,node-219,2026-03-25 10:19:40
reviews-v3-7778f74db8-bk7k6,node-219,2026-03-25 10:19:40
productpage-v1,reviews-v3,2026-03-25 10:19:40
reviews-v2,ratings-v1,2026-03-25 10:19:40
productpage-v1,details-v1,2026-03-25 10:19:40
productpage-v1,reviews-v1,2026-03-25 10:19:40
productpage-v1-649f4b6b86-h6nsx,node-219,2026-03-25 10:19:40
unknown,ratings-v1,2026-03-25 10:19:40
unknown,reviews-v3,2026-03-25 10:19:40
productpage-v1,reviews-v2,2026-03-25 10:19:40
reviews-v3,ratings-v1,2026-03-25 10:19:40
openclaw-gateway,reviews-v3,2026-03-25 10:19:40
openclaw-gateway,reviews-v1,2026-03-25 10:19:40
productpage-v1,reviews-v1,2026-03-25 10:19:45
reviews-v3-7778f74db8-bk7k6,node-219,2026-03-25 10:19:45
reviews-v3,ratings-v1,2026-03-25 10:19:45
unknown,reviews-v1,2026-03-25 10:19:45
reviews-v2,ratings-v1,2026-03-25 10:19:45
reviews-v2-78f7489cc8-kfj2q,node-219,2026-03-25 10:19:45
openclaw-gateway,details-v1,2026-03-25 10:19:45
unknown,reviews-v3,2026-03-25 10:19:45
openclaw-gateway,reviews-v3,2026-03-25 10:19:45
openclaw-gateway,ratings-v1,2026-03-25 10:19:45
unknown,ratings-v1,2026-03-25 10:19:45
productpage-v1-649f4b6b86-h6nsx,node-219,2026-03-25 10:19:45
openclaw-gateway,reviews-v1,2026-03-25 10:19:45
productpage-v1,reviews-v3,2026-03-25 10:19:45
ratings-v1-5f7bb6dbdd-hb8rk,node-221,2026-03-25 10:19:45
productpage-v1,details-v1,2026-03-25 10:19:45
openclaw-gateway,reviews-v2,2026-03-25 10:19:45
details-v1-bf9f794fb-zxrkg,node-219,2026-03-25 10:19:45
reviews-v1-665cdc9c56-bnc58,node-219,2026-03-25 10:19:45
unknown,details-v1,2026-03-25 10:19:45
unknown,reviews-v2,2026-03-25 10:19:45
productpage-v1,reviews-v2,2026-03-25 10:19:45
productpage-v1,reviews-v1,2026-03-25 10:19:50
productpage-v1,details-v1,2026-03-25 10:19:50
openclaw-gateway,details-v1,2026-03-25 10:19:50
productpage-v1-649f4b6b86-h6nsx,node-219,2026-03-25 10:19:50
productpage-v1,reviews-v3,2026-03-25 10:19:50
unknown,reviews-v1,2026-03-25 10:19:50
reviews-v3-7778f74db8-bk7k6,node-219,2026-03-25 10:19:50
reviews-v2-78f7489cc8-kfj2q,node-219,2026-03-25 10:19:50
unknown,details-v1,2026-03-25 10:19:50
unknown,reviews-v2,2026-03-25 10:19:50
openclaw-gateway,reviews-v1,2026-03-25 10:19:50
openclaw-gateway,reviews-v3,2026-03-25 10:19:50
reviews-v3,ratings-v1,2026-03-25 10:19:50
reviews-v2,ratings-v1,2026-03-25 10:19:50
productpage-v1,reviews-v2,2026-03-25 10:19:50
details-v1-bf9f794fb-zxrkg,node-219,2026-03-25 10:19:50
unknown,reviews-v3,2026-03-25 10:19:50
ratings-v1-5f7bb6dbdd-hb8rk,node-221,2026-03-25 10:19:50
reviews-v1-665cdc9c56-bnc58,node-219,2026-03-25 10:19:50
openclaw-gateway,ratings-v1,2026-03-25 10:19:50
unknown,ratings-v1,2026-03-25 10:19:50
openclaw-gateway,reviews-v2,2026-03-25 10:19:50
unknown,reviews-v3,2026-03-25 10:19:55
openclaw-gateway,reviews-v2,2026-03-25 10:19:55
details-v1-bf9f794fb-zxrkg,node-219,2026-03-25 10:19:55
openclaw-gateway,details-v1,2026-03-25 10:19:55
unknown,details-v1,2026-03-25 10:19:55
unknown,ratings-v1,2026-03-25 10:19:55
openclaw-gateway,reviews-v1,2026-03-25 10:19:55
productpage-v1,reviews-v2,2026-03-25 10:19:55
openclaw-gateway,reviews-v3,2026-03-25 10:19:55
reviews-v2,ratings-v1,2026-03-25 10:19:55
reviews-v3,ratings-v1,2026-03-25 10:19:55
reviews-v2-78f7489cc8-kfj2q,node-219,2026-03-25 10:19:55
reviews-v3-7778f74db8-bk7k6,node-219,2026-03-25 10:19:55
reviews-v1-665cdc9c56-bnc58,node-219,2026-03-25 10:19:55
ratings-v1-5f7bb6dbdd-hb8rk,node-221,2026-03-25 10:19:55
unknown,reviews-v2,2026-03-25 10:19:55
productpage-v1-649f4b6b86-h6nsx,node-219,2026-03-25 10:19:55
unknown,reviews-v1,2026-03-25 10:19:55
productpage-v1,reviews-v1,2026-03-25 10:19:55
productpage-v1,reviews-v3,2026-03-25 10:19:55
openclaw-gateway,ratings-v1,2026-03-25 10:19:55
productpage-v1,details-v1,2026-03-25 10:19:55
productpage-v1-649f4b6b86-h6nsx,node-219,2026-03-25 10:20:00
ratings-v1-5f7bb6dbdd-hb8rk,node-221,2026-03-25 10:20:00
unknown,details-v1,2026-03-25 10:20:00
openclaw-gateway,ratings-v1,2026-03-25 10:20:00
productpage-v1,reviews-v2,2026-03-25 10:20:00
reviews-v2,ratings-v1,2026-03-25 10:20:00
reviews-v3,ratings-v1,2026-03-25 10:20:00
reviews-v1-665cdc9c56-bnc58,node-219,2026-03-25 10:20:00
unknown,ratings-v1,2026-03-25 10:20:00
openclaw-gateway,reviews-v1,2026-03-25 10:20:00
productpage-v1,reviews-v1,2026-03-25 10:20:00
details-v1-bf9f794fb-zxrkg,node-219,2026-03-25 10:20:00
openclaw-gateway,reviews-v2,2026-03-25 10:20:00
productpage-v1,details-v1,2026-03-25 10:20:00
reviews-v3-7778f74db8-bk7k6,node-219,2026-03-25 10:20:00
unknown,reviews-v1,2026-03-25 10:20:00
productpage-v1,reviews-v3,2026-03-25 10:20:00
openclaw-gateway,reviews-v3,2026-03-25 10:20:00
reviews-v2-78f7489cc8-kfj2q,node-219,2026-03-25 10:20:00
unknown,productpage-v1,2026-03-25 10:20:00
unknown,reviews-v3,2026-03-25 10:20:00
openclaw-gateway,details-v1,2026-03-25 10:20:00
unknown,reviews-v2,2026-03-25 10:20:00
productpage-v1,reviews-v1,2026-03-25 10:20:05
productpage-v1,reviews-v2,2026-03-25 10:20:05
reviews-v2,ratings-v1,2026-03-25 10:20:05
ratings-v1-5f7bb6dbdd-hb8rk,node-221,2026-03-25 10:20:05
details-v1-bf9f794fb-zxrkg,node-219,2026-03-25 10:20:05
reviews-v2-78f7489cc8-kfj2q,node-219,2026-03-25 10:20:05
openclaw-gateway,reviews-v3,2026-03-25 10:20:05
openclaw-gateway,details-v1,2026-03-25 10:20:05
reviews-v3,ratings-v1,2026-03-25 10:20:05
openclaw-gateway,ratings-v1,2026-03-25 10:20:05
unknown,ratings-v1,2026-03-25 10:20:05
unknown,reviews-v1,2026-03-25 10:20:05
openclaw-gateway,reviews-v2,2026-03-25 10:20:05
productpage-v1,details-v1,2026-03-25 10:20:05
reviews-v3-7778f74db8-bk7k6,node-219,2026-03-25 10:20:05
productpage-v1,reviews-v3,2026-03-25 10:20:05
productpage-v1-649f4b6b86-h6nsx,node-219,2026-03-25 10:20:05
reviews-v1-665cdc9c56-bnc58,node-219,2026-03-25 10:20:05
unknown,reviews-v3,2026-03-25 10:20:05
unknown,details-v1,2026-03-25 10:20:05
unknown,productpage-v1,2026-03-25 10:20:05
openclaw-gateway,reviews-v1,2026-03-25 10:20:05
unknown,reviews-v2,2026-03-25 10:20:05
productpage-v1-649f4b6b86-h6nsx,node-219,2026-03-25 10:20:10
unknown,reviews-v2,2026-03-25 10:20:10
productpage-v1,reviews-v3,2026-03-25 10:20:10
unknown,ratings-v1,2026-03-25 10:20:10
reviews-v3-7778f74db8-bk7k6,node-219,2026-03-25 10:20:10
productpage-v1,details-v1,2026-03-25 10:20:10
reviews-v2-78f7489cc8-kfj2q,node-219,2026-03-25 10:20:10
openclaw-gateway,reviews-v1,2026-03-25 10:20:10
productpage-v1,reviews-v2,2026-03-25 10:20:10
reviews-v3,ratings-v1,2026-03-25 10:20:10
productpage-v1,reviews-v1,2026-03-25 10:20:10
openclaw-gateway,details-v1,2026-03-25 10:20:10
openclaw-gateway,reviews-v2,2026-03-25 10:20:10
unknown,reviews-v3,2026-03-25 10:20:10
unknown,details-v1,2026-03-25 10:20:10
openclaw-gateway,ratings-v1,2026-03-25 10:20:10
reviews-v1-665cdc9c56-bnc58,node-219,2026-03-25 10:20:10
reviews-v2,ratings-v1,2026-03-25 10:20:10
unknown,productpage-v1,2026-03-25 10:20:10
ratings-v1-5f7bb6dbdd-hb8rk,node-221,2026-03-25 10:20:10
openclaw-gateway,reviews-v3,2026-03-25 10:20:10
unknown,reviews-v1,2026-03-25 10:20:10
details-v1-bf9f794fb-zxrkg,node-219,2026-03-25 10:20:10
openclaw-gateway,reviews-v2,2026-03-25 10:20:15
unknown,reviews-v2,2026-03-25 10:20:15
unknown,ratings-v1,2026-03-25 10:20:15
productpage-v1-649f4b6b86-h6nsx,node-219,2026-03-25 10:20:15
reviews-v3,ratings-v1,2026-03-25 10:20:15
reviews-v3-7778f74db8-bk7k6,node-219,2026-03-25 10:20:15
productpage-v1,reviews-v2,2026-03-25 10:20:15
unknown,reviews-v1,2026-03-25 10:20:15
productpage-v1,reviews-v1,2026-03-25 10:20:15
openclaw-gateway,ratings-v1,2026-03-25 10:20:15
unknown,reviews-v3,2026-03-25 10:20:15
unknown,details-v1,2026-03-25 10:20:15
productpage-v1,reviews-v3,2026-03-25 10:20:15
details-v1-bf9f794fb-zxrkg,node-219,2026-03-25 10:20:15
openclaw-gateway,reviews-v1,2026-03-25 10:20:15
openclaw-gateway,details-v1,2026-03-25 10:20:15
reviews-v1-665cdc9c56-bnc58,node-219,2026-03-25 10:20:15
openclaw-gateway,reviews-v3,2026-03-25 10:20:15
ratings-v1-5f7bb6dbdd-hb8rk,node-221,2026-03-25 10:20:15
productpage-v1,details-v1,2026-03-25 10:20:15
reviews-v2-78f7489cc8-kfj2q,node-219,2026-03-25 10:20:15
reviews-v2,ratings-v1,2026-03-25 10:20:15
unknown,reviews-v2,2026-03-25 10:20:20
productpage-v1-649f4b6b86-h6nsx,node-219,2026-03-25 10:20:20
openclaw-gateway,reviews-v2,2026-03-25 10:20:20
productpage-v1,reviews-v3,2026-03-25 10:20:20
openclaw-gateway,reviews-v3,2026-03-25 10:20:20
unknown,details-v1,2026-03-25 10:20:20
unknown,reviews-v1,2026-03-25 10:20:20
productpage-v1,reviews-v1,2026-03-25 10:20:20
openclaw-gateway,ratings-v1,2026-03-25 10:20:20
reviews-v2,ratings-v1,2026-03-25 10:20:20
details-v1-bf9f794fb-zxrkg,node-219,2026-03-25 10:20:20
unknown,reviews-v3,2026-03-25 10:20:20
openclaw-gateway,reviews-v1,2026-03-25 10:20:20
reviews-v3,ratings-v1,2026-03-25 10:20:20
ratings-v1-5f7bb6dbdd-hb8rk,node-221,2026-03-25 10:20:20
reviews-v1-665cdc9c56-bnc58,node-219,2026-03-25 10:20:20
openclaw-gateway,details-v1,2026-03-25 10:20:20
productpage-v1,details-v1,2026-03-25 10:20:20
reviews-v3-7778f74db8-bk7k6,node-219,2026-03-25 10:20:20
unknown,ratings-v1,2026-03-25 10:20:20
productpage-v1,reviews-v2,2026-03-25 10:20:20
reviews-v2-78f7489cc8-kfj2q,node-219,2026-03-25 10:20:20
unknown,reviews-v3,2026-03-25 10:20:25
unknown,reviews-v1,2026-03-25 10:20:25
openclaw-gateway,reviews-v2,2026-03-25 10:20:25
productpage-v1,reviews-v3,2026-03-25 10:20:25
unknown,reviews-v2,2026-03-25 10:20:25
productpage-v1,reviews-v1,2026-03-25 10:20:25
details-v1-bf9f794fb-zxrkg,node-219,2026-03-25 10:20:25
productpage-v1-649f4b6b86-h6nsx,node-219,2026-03-25 10:20:25
openclaw-gateway,reviews-v3,2026-03-25 10:20:25
reviews-v2,ratings-v1,2026-03-25 10:20:25
reviews-v2-78f7489cc8-kfj2q,node-219,2026-03-25 10:20:25
reviews-v3-7778f74db8-bk7k6,node-219,2026-03-25 10:20:25
unknown,ratings-v1,2026-03-25 10:20:25
productpage-v1,reviews-v2,2026-03-25 10:20:25
unknown,details-v1,2026-03-25 10:20:25
productpage-v1,details-v1,2026-03-25 10:20:25
reviews-v3,ratings-v1,2026-03-25 10:20:25
openclaw-gateway,reviews-v1,2026-03-25 10:20:25
reviews-v1-665cdc9c56-bnc58,node-219,2026-03-25 10:20:25
ratings-v1-5f7bb6dbdd-hb8rk,node-221,2026-03-25 10:20:25
openclaw-gateway,ratings-v1,2026-03-25 10:20:25
openclaw-gateway,details-v1,2026-03-25 10:20:25
unknown,ratings-v1,2026-03-25 10:20:30
openclaw-gateway,ratings-v1,2026-03-25 10:20:30
details-v1-bf9f794fb-zxrkg,node-219,2026-03-25 10:20:30
unknown,reviews-v1,2026-03-25 10:20:30
productpage-v1,reviews-v1,2026-03-25 10:20:30
reviews-v1-665cdc9c56-bnc58,node-219,2026-03-25 10:20:30
openclaw-gateway,details-v1,2026-03-25 10:20:30
reviews-v3-7778f74db8-bk7k6,node-219,2026-03-25 10:20:30
reviews-v3,ratings-v1,2026-03-25 10:20:30
openclaw-gateway,reviews-v2,2026-03-25 10:20:30
ratings-v1-5f7bb6dbdd-hb8rk,node-221,2026-03-25 10:20:30
reviews-v2-78f7489cc8-kfj2q,node-219,2026-03-25 10:20:30
productpage-v1,reviews-v2,2026-03-25 10:20:30
productpage-v1,details-v1,2026-03-25 10:20:30
productpage-v1-649f4b6b86-h6nsx,node-219,2026-03-25 10:20:30
productpage-v1,reviews-v3,2026-03-25 10:20:30
unknown,reviews-v3,2026-03-25 10:20:30
openclaw-gateway,reviews-v3,2026-03-25 10:20:30
unknown,details-v1,2026-03-25 10:20:30
unknown,reviews-v2,2026-03-25 10:20:30
reviews-v2,ratings-v1,2026-03-25 10:20:30
openclaw-gateway,reviews-v1,2026-03-25 10:20:30
reviews-v2-78f7489cc8-kfj2q,node-219,2026-03-25 10:20:35
openclaw-gateway,reviews-v3,2026-03-25 10:20:35
openclaw-gateway,reviews-v2,2026-03-25 10:20:35
openclaw-gateway,details-v1,2026-03-25 10:20:35
reviews-v1-665cdc9c56-bnc58,node-219,2026-03-25 10:20:35
productpage-v1,reviews-v2,2026-03-25 10:20:35
productpage-v1-649f4b6b86-h6nsx,node-219,2026-03-25 10:20:35
unknown,reviews-v1,2026-03-25 10:20:35
unknown,reviews-v2,2026-03-25 10:20:35
openclaw-gateway,reviews-v1,2026-03-25 10:20:35
productpage-v1,reviews-v1,2026-03-25 10:20:35
unknown,ratings-v1,2026-03-25 10:20:35
reviews-v3-7778f74db8-bk7k6,node-219,2026-03-25 10:20:35
details-v1-bf9f794fb-zxrkg,node-219,2026-03-25 10:20:35
reviews-v3,ratings-v1,2026-03-25 10:20:35
productpage-v1,details-v1,2026-03-25 10:20:35
unknown,details-v1,2026-03-25 10:20:35
productpage-v1,reviews-v3,2026-03-25 10:20:35
reviews-v2,ratings-v1,2026-03-25 10:20:35
ratings-v1-5f7bb6dbdd-hb8rk,node-221,2026-03-25 10:20:35
unknown,reviews-v3,2026-03-25 10:20:35
openclaw-gateway,ratings-v1,2026-03-25 10:20:35
reviews-v2-78f7489cc8-kfj2q,node-219,2026-03-25 10:20:40
reviews-v3,ratings-v1,2026-03-25 10:20:40
reviews-v2,ratings-v1,2026-03-25 10:20:40
productpage-v1-649f4b6b86-h6nsx,node-219,2026-03-25 10:20:40
productpage-v1,details-v1,2026-03-25 10:20:40
openclaw-gateway,reviews-v3,2026-03-25 10:20:40
unknown,reviews-v1,2026-03-25 10:20:40
productpage-v1,reviews-v2,2026-03-25 10:20:40
reviews-v1-665cdc9c56-bnc58,node-219,2026-03-25 10:20:40
reviews-v3-7778f74db8-bk7k6,node-219,2026-03-25 10:20:40
productpage-v1,reviews-v3,2026-03-25 10:20:40
details-v1-bf9f794fb-zxrkg,node-219,2026-03-25 10:20:40
ratings-v1-5f7bb6dbdd-hb8rk,node-221,2026-03-25 10:20:40
openclaw-gateway,reviews-v1,2026-03-25 10:20:40
unknown,ratings-v1,2026-03-25 10:20:40
unknown,reviews-v2,2026-03-25 10:20:40
unknown,details-v1,2026-03-25 10:20:40
unknown,reviews-v3,2026-03-25 10:20:40
openclaw-gateway,ratings-v1,2026-03-25 10:20:40
openclaw-gateway,reviews-v2,2026-03-25 10:20:40
openclaw-gateway,details-v1,2026-03-25 10:20:40
productpage-v1,reviews-v1,2026-03-25 10:20:40
reviews-v1-665cdc9c56-bnc58,node-219,2026-03-25 10:20:45
ratings-v1-5f7bb6dbdd-hb8rk,node-221,2026-03-25 10:20:45
openclaw-gateway,reviews-v2,2026-03-25 10:20:45
reviews-v3,ratings-v1,2026-03-25 10:20:45
openclaw-gateway,reviews-v1,2026-03-25 10:20:45
productpage-v1,reviews-v2,2026-03-25 10:20:45
reviews-v2,ratings-v1,2026-03-25 10:20:45
unknown,reviews-v3,2026-03-25 10:20:45
productpage-v1,reviews-v3,2026-03-25 10:20:45
productpage-v1,reviews-v1,2026-03-25 10:20:45
unknown,details-v1,2026-03-25 10:20:45
unknown,ratings-v1,2026-03-25 10:20:45
details-v1-bf9f794fb-zxrkg,node-219,2026-03-25 10:20:45
openclaw-gateway,reviews-v3,2026-03-25 10:20:45
productpage-v1-649f4b6b86-h6nsx,node-219,2026-03-25 10:20:45
unknown,reviews-v2,2026-03-25 10:20:45
productpage-v1,details-v1,2026-03-25 10:20:45
openclaw-gateway,details-v1,2026-03-25 10:20:45
reviews-v2-78f7489cc8-kfj2q,node-219,2026-03-25 10:20:45
unknown,reviews-v1,2026-03-25 10:20:45
openclaw-gateway,ratings-v1,2026-03-25 10:20:45
reviews-v3-7778f74db8-bk7k6,node-219,2026-03-25 10:20:45
reviews-v3-7778f74db8-bk7k6,node-219,2026-03-25 10:20:50
openclaw-gateway,reviews-v2,2026-03-25 10:20:50
reviews-v2,ratings-v1,2026-03-25 10:20:50
openclaw-gateway,reviews-v3,2026-03-25 10:20:50
ratings-v1-5f7bb6dbdd-hb8rk,node-221,2026-03-25 10:20:50
unknown,details-v1,2026-03-25 10:20:50
productpage-v1,reviews-v1,2026-03-25 10:20:50
openclaw-gateway,details-v1,2026-03-25 10:20:50
reviews-v2-78f7489cc8-kfj2q,node-219,2026-03-25 10:20:50
reviews-v1-665cdc9c56-bnc58,node-219,2026-03-25 10:20:50
unknown,reviews-v3,2026-03-25 10:20:50
unknown,ratings-v1,2026-03-25 10:20:50
details-v1-bf9f794fb-zxrkg,node-219,2026-03-25 10:20:50
productpage-v1,reviews-v3,2026-03-25 10:20:50
productpage-v1-649f4b6b86-h6nsx,node-219,2026-03-25 10:20:50
unknown,reviews-v1,2026-03-25 10:20:50
productpage-v1,reviews-v2,2026-03-25 10:20:50
openclaw-gateway,ratings-v1,2026-03-25 10:20:50
reviews-v3,ratings-v1,2026-03-25 10:20:50
productpage-v1,details-v1,2026-03-25 10:20:50
unknown,reviews-v2,2026-03-25 10:20:50
openclaw-gateway,reviews-v1,2026-03-25 10:20:50
productpage-v1,details-v1,2026-03-25 10:20:55
unknown,details-v1,2026-03-25 10:20:55
unknown,reviews-v2,2026-03-25 10:20:55
productpage-v1,reviews-v1,2026-03-25 10:20:55
unknown,reviews-v3,2026-03-25 10:20:55
details-v1-bf9f794fb-zxrkg,node-219,2026-03-25 10:20:55
unknown,ratings-v1,2026-03-25 10:20:55
openclaw-gateway,reviews-v3,2026-03-25 10:20:55
productpage-v1,reviews-v3,2026-03-25 10:20:55
reviews-v1-665cdc9c56-bnc58,node-219,2026-03-25 10:20:55
openclaw-gateway,reviews-v2,2026-03-25 10:20:55
reviews-v2,ratings-v1,2026-03-25 10:20:55
productpage-v1-649f4b6b86-h6nsx,node-219,2026-03-25 10:20:55
reviews-v3-7778f74db8-bk7k6,node-219,2026-03-25 10:20:55
reviews-v3,ratings-v1,2026-03-25 10:20:55
openclaw-gateway,ratings-v1,2026-03-25 10:20:55
productpage-v1,reviews-v2,2026-03-25 10:20:55
reviews-v2-78f7489cc8-kfj2q,node-219,2026-03-25 10:20:55
unknown,reviews-v1,2026-03-25 10:20:55
openclaw-gateway,reviews-v1,2026-03-25 10:20:55
openclaw-gateway,details-v1,2026-03-25 10:20:55
ratings-v1-5f7bb6dbdd-hb8rk,node-221,2026-03-25 10:20:55
unknown,reviews-v2,2026-03-25 10:21:00
openclaw-gateway,reviews-v3,2026-03-25 10:21:00
productpage-v1,reviews-v1,2026-03-25 10:21:00
ratings-v1-5f7bb6dbdd-hb8rk,node-221,2026-03-25 10:21:00
reviews-v3,ratings-v1,2026-03-25 10:21:00
details-v1-bf9f794fb-zxrkg,node-219,2026-03-25 10:21:00
openclaw-gateway,ratings-v1,2026-03-25 10:21:00
unknown,ratings-v1,2026-03-25 10:21:00
unknown,reviews-v3,2026-03-25 10:21:00
unknown,reviews-v1,2026-03-25 10:21:00
openclaw-gateway,reviews-v2,2026-03-25 10:21:00
productpage-v1-649f4b6b86-h6nsx,node-219,2026-03-25 10:21:00
productpage-v1,reviews-v3,2026-03-25 10:21:00
openclaw-gateway,details-v1,2026-03-25 10:21:00
openclaw-gateway,reviews-v1,2026-03-25 10:21:00
productpage-v1,details-v1,2026-03-25 10:21:00
reviews-v1-665cdc9c56-bnc58,node-219,2026-03-25 10:21:00
reviews-v2-78f7489cc8-kfj2q,node-219,2026-03-25 10:21:00
unknown,details-v1,2026-03-25 10:21:00
reviews-v2,ratings-v1,2026-03-25 10:21:00
productpage-v1,reviews-v2,2026-03-25 10:21:00
reviews-v3-7778f74db8-bk7k6,node-219,2026-03-25 10:21:00
unknown,reviews-v2,2026-03-25 10:21:05
reviews-v2,ratings-v1,2026-03-25 10:21:05
unknown,reviews-v1,2026-03-25 10:21:05
unknown,details-v1,2026-03-25 10:21:05
openclaw-gateway,reviews-v2,2026-03-25 10:21:05
openclaw-gateway,ratings-v1,2026-03-25 10:21:05
productpage-v1,reviews-v1,2026-03-25 10:21:05
productpage-v1-649f4b6b86-h6nsx,node-219,2026-03-25 10:21:05
reviews-v3-7778f74db8-bk7k6,node-219,2026-03-25 10:21:05
openclaw-gateway,reviews-v1,2026-03-25 10:21:05
reviews-v3,ratings-v1,2026-03-25 10:21:05
ratings-v1-5f7bb6dbdd-hb8rk,node-221,2026-03-25 10:21:05
reviews-v2-78f7489cc8-kfj2q,node-219,2026-03-25 10:21:05
reviews-v1-665cdc9c56-bnc58,node-219,2026-03-25 10:21:05
productpage-v1,reviews-v2,2026-03-25 10:21:05
openclaw-gateway,details-v1,2026-03-25 10:21:05
unknown,ratings-v1,2026-03-25 10:21:05
openclaw-gateway,reviews-v3,2026-03-25 10:21:05
productpage-v1,reviews-v3,2026-03-25 10:21:05
productpage-v1,details-v1,2026-03-25 10:21:05
details-v1-bf9f794fb-zxrkg,node-219,2026-03-25 10:21:05
unknown,reviews-v3,2026-03-25 10:21:05
unknown,details-v1,2026-03-25 10:21:10
productpage-v1,details-v1,2026-03-25 10:21:10
openclaw-gateway,ratings-v1,2026-03-25 10:21:10
productpage-v1,reviews-v1,2026-03-25 10:21:10
productpage-v1,reviews-v2,2026-03-25 10:21:10
unknown,reviews-v1,2026-03-25 10:21:10
unknown,ratings-v1,2026-03-25 10:21:10
productpage-v1-649f4b6b86-h6nsx,node-219,2026-03-25 10:21:10
details-v1-bf9f794fb-zxrkg,node-219,2026-03-25 10:21:10
openclaw-gateway,details-v1,2026-03-25 10:21:10
reviews-v3,ratings-v1,2026-03-25 10:21:10
openclaw-gateway,reviews-v1,2026-03-25 10:21:10
unknown,reviews-v3,2026-03-25 10:21:10
reviews-v2,ratings-v1,2026-03-25 10:21:10
reviews-v2-78f7489cc8-kfj2q,node-219,2026-03-25 10:21:10
openclaw-gateway,reviews-v2,2026-03-25 10:21:10
unknown,reviews-v2,2026-03-25 10:21:10
ratings-v1-5f7bb6dbdd-hb8rk,node-221,2026-03-25 10:21:10
reviews-v1-665cdc9c56-bnc58,node-219,2026-03-25 10:21:10
reviews-v3-7778f74db8-bk7k6,node-219,2026-03-25 10:21:10
openclaw-gateway,reviews-v3,2026-03-25 10:21:10
productpage-v1,reviews-v3,2026-03-25 10:21:10
productpage-v1-649f4b6b86-h6nsx,node-219,2026-03-25 10:21:15
productpage-v1,reviews-v2,2026-03-25 10:21:15
openclaw-gateway,reviews-v2,2026-03-25 10:21:15
productpage-v1,reviews-v3,2026-03-25 10:21:15
openclaw-gateway,details-v1,2026-03-25 10:21:15
reviews-v1-665cdc9c56-bnc58,node-219,2026-03-25 10:21:15
details-v1-bf9f794fb-zxrkg,node-219,2026-03-25 10:21:15
unknown,reviews-v2,2026-03-25 10:21:15
unknown,reviews-v1,2026-03-25 10:21:15
ratings-v1-5f7bb6dbdd-hb8rk,node-221,2026-03-25 10:21:15
reviews-v2,ratings-v1,2026-03-25 10:21:15
productpage-v1,details-v1,2026-03-25 10:21:15
openclaw-gateway,reviews-v3,2026-03-25 10:21:15
openclaw-gateway,reviews-v1,2026-03-25 10:21:15
productpage-v1,reviews-v1,2026-03-25 10:21:15
reviews-v3,ratings-v1,2026-03-25 10:21:15
reviews-v2-78f7489cc8-kfj2q,node-219,2026-03-25 10:21:15
unknown,details-v1,2026-03-25 10:21:15
reviews-v3-7778f74db8-bk7k6,node-219,2026-03-25 10:21:15
unknown,ratings-v1,2026-03-25 10:21:15
unknown,reviews-v3,2026-03-25 10:21:15
openclaw-gateway,ratings-v1,2026-03-25 10:21:15
openclaw-gateway,reviews-v2,2026-03-25 10:21:20
productpage-v1,reviews-v2,2026-03-25 10:21:20
unknown,reviews-v2,2026-03-25 10:21:20
productpage-v1-649f4b6b86-h6nsx,node-219,2026-03-25 10:21:20
unknown,reviews-v3,2026-03-25 10:21:20
productpage-v1,details-v1,2026-03-25 10:21:20
ratings-v1-5f7bb6dbdd-hb8rk,node-221,2026-03-25 10:21:20
details-v1-bf9f794fb-zxrkg,node-219,2026-03-25 10:21:20
unknown,details-v1,2026-03-25 10:21:20
reviews-v1-665cdc9c56-bnc58,node-219,2026-03-25 10:21:20
unknown,ratings-v1,2026-03-25 10:21:20
openclaw-gateway,details-v1,2026-03-25 10:21:20
productpage-v1,reviews-v1,2026-03-25 10:21:20
openclaw-gateway,reviews-v3,2026-03-25 10:21:20
openclaw-gateway,ratings-v1,2026-03-25 10:21:20
reviews-v2,ratings-v1,2026-03-25 10:21:20
productpage-v1,reviews-v3,2026-03-25 10:21:20
openclaw-gateway,reviews-v1,2026-03-25 10:21:20
unknown,reviews-v1,2026-03-25 10:21:20
reviews-v3,ratings-v1,2026-03-25 10:21:20
reviews-v2-78f7489cc8-kfj2q,node-219,2026-03-25 10:21:20
reviews-v3-7778f74db8-bk7k6,node-219,2026-03-25 10:21:20
openclaw-gateway,ratings-v1,2026-03-25 10:21:25
unknown,reviews-v3,2026-03-25 10:21:25
openclaw-gateway,reviews-v1,2026-03-25 10:21:25
productpage-v1,reviews-v1,2026-03-25 10:21:25
reviews-v2,ratings-v1,2026-03-25 10:21:25
unknown,details-v1,2026-03-25 10:21:25
productpage-v1,details-v1,2026-03-25 10:21:25
reviews-v3,ratings-v1,2026-03-25 10:21:25
unknown,reviews-v1,2026-03-25 10:21:25
openclaw-gateway,reviews-v3,2026-03-25 10:21:25
ratings-v1-5f7bb6dbdd-hb8rk,node-221,2026-03-25 10:21:25
reviews-v2-78f7489cc8-kfj2q,node-219,2026-03-25 10:21:25
openclaw-gateway,reviews-v2,2026-03-25 10:21:25
reviews-v3-7778f74db8-bk7k6,node-219,2026-03-25 10:21:25
openclaw-gateway,details-v1,2026-03-25 10:21:25
unknown,ratings-v1,2026-03-25 10:21:25
details-v1-bf9f794fb-zxrkg,node-219,2026-03-25 10:21:25
productpage-v1,reviews-v3,2026-03-25 10:21:25
productpage-v1-649f4b6b86-h6nsx,node-219,2026-03-25 10:21:25
reviews-v1-665cdc9c56-bnc58,node-219,2026-03-25 10:21:25
openclaw-gateway,reviews-v2,2026-03-25 10:21:30
reviews-v2,ratings-v1,2026-03-25 10:21:30
reviews-v3-7778f74db8-bk7k6,node-219,2026-03-25 10:21:30
openclaw-gateway,reviews-v3,2026-03-25 10:21:30
productpage-v1,reviews-v3,2026-03-25 10:21:30
ratings-v1-5f7bb6dbdd-hb8rk,node-221,2026-03-25 10:21:30
openclaw-gateway,ratings-v1,2026-03-25 10:21:30
reviews-v2-78f7489cc8-kfj2q,node-219,2026-03-25 10:21:30
productpage-v1-649f4b6b86-h6nsx,node-219,2026-03-25 10:21:30
details-v1-bf9f794fb-zxrkg,node-219,2026-03-25 10:21:30
unknown,ratings-v1,2026-03-25 10:21:30
openclaw-gateway,details-v1,2026-03-25 10:21:30
unknown,reviews-v1,2026-03-25 10:21:30
reviews-v3,ratings-v1,2026-03-25 10:21:30
productpage-v1,reviews-v1,2026-03-25 10:21:30
unknown,reviews-v3,2026-03-25 10:21:30
openclaw-gateway,reviews-v1,2026-03-25 10:21:30
unknown,details-v1,2026-03-25 10:21:30
productpage-v1,details-v1,2026-03-25 10:21:30
reviews-v1-665cdc9c56-bnc58,node-219,2026-03-25 10:21:30
reviews-v3,ratings-v1,2026-03-25 10:21:35
ratings-v1-5f7bb6dbdd-hb8rk,node-221,2026-03-25 10:21:35
reviews-v2-78f7489cc8-kfj2q,node-219,2026-03-25 10:21:35
openclaw-gateway,details-v1,2026-03-25 10:21:35
openclaw-gateway,reviews-v1,2026-03-25 10:21:35
unknown,ratings-v1,2026-03-25 10:21:35
openclaw-gateway,reviews-v3,2026-03-25 10:21:35
details-v1-bf9f794fb-zxrkg,node-219,2026-03-25 10:21:35
productpage-v1,details-v1,2026-03-25 10:21:35
reviews-v3-7778f74db8-bk7k6,node-219,2026-03-25 10:21:35
productpage-v1,reviews-v1,2026-03-25 10:21:35
reviews-v2,ratings-v1,2026-03-25 10:21:35
unknown,details-v1,2026-03-25 10:21:35
productpage-v1-649f4b6b86-h6nsx,node-219,2026-03-25 10:21:35
openclaw-gateway,ratings-v1,2026-03-25 10:21:35
reviews-v1-665cdc9c56-bnc58,node-219,2026-03-25 10:21:35
unknown,reviews-v1,2026-03-25 10:21:35
openclaw-gateway,reviews-v2,2026-03-25 10:21:35
productpage-v1,reviews-v2,2026-03-25 10:21:40
reviews-v2-78f7489cc8-kfj2q,node-219,2026-03-25 10:21:40
productpage-v1,details-v1,2026-03-25 10:21:40
reviews-v1-665cdc9c56-bnc58,node-219,2026-03-25 10:21:40
openclaw-gateway,ratings-v1,2026-03-25 10:21:40
openclaw-gateway,reviews-v1,2026-03-25 10:21:40
unknown,details-v1,2026-03-25 10:21:40
reviews-v3,ratings-v1,2026-03-25 10:21:40
openclaw-gateway,details-v1,2026-03-25 10:21:40
productpage-v1,reviews-v1,2026-03-25 10:21:40
reviews-v3-7778f74db8-bk7k6,node-219,2026-03-25 10:21:40
details-v1-bf9f794fb-zxrkg,node-219,2026-03-25 10:21:40
unknown,reviews-v1,2026-03-25 10:21:40
productpage-v1-649f4b6b86-h6nsx,node-219,2026-03-25 10:21:40
unknown,ratings-v1,2026-03-25 10:21:40
openclaw-gateway,reviews-v3,2026-03-25 10:21:40
openclaw-gateway,reviews-v2,2026-03-25 10:21:40
reviews-v2,ratings-v1,2026-03-25 10:21:40
unknown,reviews-v2,2026-03-25 10:21:40
ratings-v1-5f7bb6dbdd-hb8rk,node-221,2026-03-25 10:21:40
reviews-v1-665cdc9c56-bnc58,node-219,2026-03-25 10:21:45
unknown,reviews-v2,2026-03-25 10:21:45
reviews-v2-78f7489cc8-kfj2q,node-219,2026-03-25 10:21:45
unknown,ratings-v1,2026-03-25 10:21:45
productpage-v1-649f4b6b86-h6nsx,node-219,2026-03-25 10:21:45
productpage-v1,reviews-v2,2026-03-25 10:21:45
reviews-v3,ratings-v1,2026-03-25 10:21:45
ratings-v1-5f7bb6dbdd-hb8rk,node-221,2026-03-25 10:21:45
details-v1-bf9f794fb-zxrkg,node-219,2026-03-25 10:21:45
unknown,reviews-v1,2026-03-25 10:21:45
unknown,details-v1,2026-03-25 10:21:45
productpage-v1,reviews-v1,2026-03-25 10:21:45
openclaw-gateway,reviews-v2,2026-03-25 10:21:45
reviews-v2,ratings-v1,2026-03-25 10:21:45
openclaw-gateway,details-v1,2026-03-25 10:21:45
openclaw-gateway,reviews-v1,2026-03-25 10:21:45
reviews-v3-7778f74db8-bk7k6,node-219,2026-03-25 10:21:45
openclaw-gateway,reviews-v3,2026-03-25 10:21:45
productpage-v1,details-v1,2026-03-25 10:21:45
openclaw-gateway,ratings-v1,2026-03-25 10:21:45
reviews-v3-7778f74db8-bk7k6,node-219,2026-03-25 10:21:50
productpage-v1,reviews-v3,2026-03-25 10:21:50
productpage-v1,reviews-v1,2026-03-25 10:21:50
reviews-v2,ratings-v1,2026-03-25 10:21:50
unknown,reviews-v1,2026-03-25 10:21:50
productpage-v1-649f4b6b86-h6nsx,node-219,2026-03-25 10:21:50
openclaw-gateway,reviews-v2,2026-03-25 10:21:50
unknown,reviews-v3,2026-03-25 10:21:50
unknown,ratings-v1,2026-03-25 10:21:50
unknown,reviews-v2,2026-03-25 10:21:50
reviews-v1-665cdc9c56-bnc58,node-219,2026-03-25 10:21:50
details-v1-bf9f794fb-zxrkg,node-219,2026-03-25 10:21:50
openclaw-gateway,details-v1,2026-03-25 10:21:50
openclaw-gateway,reviews-v3,2026-03-25 10:21:50
reviews-v3,ratings-v1,2026-03-25 10:21:50
reviews-v2-78f7489cc8-kfj2q,node-219,2026-03-25 10:21:50
productpage-v1,reviews-v2,2026-03-25 10:21:50
openclaw-gateway,reviews-v1,2026-03-25 10:21:50
productpage-v1,details-v1,2026-03-25 10:21:50
openclaw-gateway,ratings-v1,2026-03-25 10:21:50
ratings-v1-5f7bb6dbdd-hb8rk,node-221,2026-03-25 10:21:50
unknown,details-v1,2026-03-25 10:21:50
openclaw-gateway,reviews-v3,2026-03-25 10:21:55
productpage-v1-649f4b6b86-h6nsx,node-219,2026-03-25 10:21:55
unknown,reviews-v3,2026-03-25 10:21:55
productpage-v1,reviews-v3,2026-03-25 10:21:55
details-v1-bf9f794fb-zxrkg,node-219,2026-03-25 10:21:55
productpage-v1,details-v1,2026-03-25 10:21:55
reviews-v3-7778f74db8-bk7k6,node-219,2026-03-25 10:21:55
openclaw-gateway,details-v1,2026-03-25 10:21:55
reviews-v2,ratings-v1,2026-03-25 10:21:55
reviews-v2-78f7489cc8-kfj2q,node-219,2026-03-25 10:21:55
openclaw-gateway,reviews-v1,2026-03-25 10:21:55
openclaw-gateway,reviews-v2,2026-03-25 10:21:55
unknown,details-v1,2026-03-25 10:21:55
openclaw-gateway,ratings-v1,2026-03-25 10:21:55
unknown,ratings-v1,2026-03-25 10:21:55
reviews-v1-665cdc9c56-bnc58,node-219,2026-03-25 10:21:55
ratings-v1-5f7bb6dbdd-hb8rk,node-221,2026-03-25 10:21:55
unknown,reviews-v1,2026-03-25 10:21:55
reviews-v3,ratings-v1,2026-03-25 10:21:55
productpage-v1,reviews-v1,2026-03-25 10:21:55
reviews-v1-665cdc9c56-bnc58,node-219,2026-03-25 10:22:00
reviews-v3-7778f74db8-bk7k6,node-219,2026-03-25 10:22:00
unknown,reviews-v1,2026-03-25 10:22:00
productpage-v1,reviews-v1,2026-03-25 10:22:00
openclaw-gateway,details-v1,2026-03-25 10:22:00
ratings-v1-5f7bb6dbdd-hb8rk,node-221,2026-03-25 10:22:00
openclaw-gateway,reviews-v3,2026-03-25 10:22:00
openclaw-gateway,reviews-v1,2026-03-25 10:22:00
openclaw-gateway,ratings-v1,2026-03-25 10:22:00
productpage-v1-649f4b6b86-h6nsx,node-219,2026-03-25 10:22:00
productpage-v1,details-v1,2026-03-25 10:22:00
reviews-v2-78f7489cc8-kfj2q,node-219,2026-03-25 10:22:00
productpage-v1,reviews-v3,2026-03-25 10:22:00
reviews-v2,ratings-v1,2026-03-25 10:22:00
details-v1-bf9f794fb-zxrkg,node-219,2026-03-25 10:22:00
unknown,details-v1,2026-03-25 10:22:00
reviews-v3,ratings-v1,2026-03-25 10:22:00
unknown,reviews-v3,2026-03-25 10:22:00
openclaw-gateway,reviews-v2,2026-03-25 10:22:00
unknown,ratings-v1,2026-03-25 10:22:00
reviews-v1-665cdc9c56-bnc58,node-219,2026-03-25 10:22:05
productpage-v1,details-v1,2026-03-25 10:22:05
productpage-v1,reviews-v3,2026-03-25 10:22:05
unknown,reviews-v1,2026-03-25 10:22:05
productpage-v1,reviews-v1,2026-03-25 10:22:05
unknown,details-v1,2026-03-25 10:22:05
openclaw-gateway,ratings-v1,2026-03-25 10:22:05
unknown,reviews-v3,2026-03-25 10:22:05
reviews-v3,ratings-v1,2026-03-25 10:22:05
openclaw-gateway,reviews-v1,2026-03-25 10:22:05
details-v1-bf9f794fb-zxrkg,node-219,2026-03-25 10:22:05
unknown,ratings-v1,2026-03-25 10:22:05
openclaw-gateway,reviews-v2,2026-03-25 10:22:05
reviews-v3-7778f74db8-bk7k6,node-219,2026-03-25 10:22:05
openclaw-gateway,reviews-v3,2026-03-25 10:22:05
ratings-v1-5f7bb6dbdd-hb8rk,node-221,2026-03-25 10:22:05
openclaw-gateway,details-v1,2026-03-25 10:22:05
productpage-v1-649f4b6b86-h6nsx,node-219,2026-03-25 10:22:05
reviews-v2,ratings-v1,2026-03-25 10:22:05
reviews-v2-78f7489cc8-kfj2q,node-219,2026-03-25 10:22:05
productpage-v1,reviews-v3,2026-03-25 10:22:10
reviews-v3-7778f74db8-bk7k6,node-219,2026-03-25 10:22:10
reviews-v2,ratings-v1,2026-03-25 10:22:10
unknown,details-v1,2026-03-25 10:22:10
details-v1-bf9f794fb-zxrkg,node-219,2026-03-25 10:22:10
openclaw-gateway,reviews-v3,2026-03-25 10:22:10
reviews-v3,ratings-v1,2026-03-25 10:22:10
openclaw-gateway,reviews-v1,2026-03-25 10:22:10
unknown,ratings-v1,2026-03-25 10:22:10
productpage-v1,details-v1,2026-03-25 10:22:10
reviews-v2-78f7489cc8-kfj2q,node-219,2026-03-25 10:22:10
productpage-v1,reviews-v1,2026-03-25 10:22:10
reviews-v1-665cdc9c56-bnc58,node-219,2026-03-25 10:22:10
openclaw-gateway,reviews-v2,2026-03-25 10:22:10
openclaw-gateway,details-v1,2026-03-25 10:22:10
ratings-v1-5f7bb6dbdd-hb8rk,node-221,2026-03-25 10:22:10
productpage-v1-649f4b6b86-h6nsx,node-219,2026-03-25 10:22:10
productpage-v1,reviews-v2,2026-03-25 10:22:10
openclaw-gateway,ratings-v1,2026-03-25 10:22:10
unknown,reviews-v3,2026-03-25 10:22:10
unknown,reviews-v2,2026-03-25 10:22:10
unknown,reviews-v1,2026-03-25 10:22:10
reviews-v2-78f7489cc8-kfj2q,node-219,2026-03-25 10:22:15
unknown,reviews-v2,2026-03-25 10:22:15
openclaw-gateway,ratings-v1,2026-03-25 10:22:15
reviews-v2,ratings-v1,2026-03-25 10:22:15
openclaw-gateway,details-v1,2026-03-25 10:22:15
openclaw-gateway,reviews-v2,2026-03-25 10:22:15
productpage-v1,reviews-v3,2026-03-25 10:22:15
reviews-v3-7778f74db8-bk7k6,node-219,2026-03-25 10:22:15
unknown,ratings-v1,2026-03-25 10:22:15
openclaw-gateway,reviews-v3,2026-03-25 10:22:15
unknown,reviews-v1,2026-03-25 10:22:15
productpage-v1-649f4b6b86-h6nsx,node-219,2026-03-25 10:22:15
ratings-v1-5f7bb6dbdd-hb8rk,node-221,2026-03-25 10:22:15
unknown,reviews-v3,2026-03-25 10:22:15
unknown,details-v1,2026-03-25 10:22:15
reviews-v1-665cdc9c56-bnc58,node-219,2026-03-25 10:22:15
openclaw-gateway,reviews-v1,2026-03-25 10:22:15
reviews-v3,ratings-v1,2026-03-25 10:22:15
productpage-v1,reviews-v2,2026-03-25 10:22:15
productpage-v1,reviews-v1,2026-03-25 10:22:15
productpage-v1,details-v1,2026-03-25 10:22:15
details-v1-bf9f794fb-zxrkg,node-219,2026-03-25 10:22:15
reviews-v2,ratings-v1,2026-03-25 10:22:20
openclaw-gateway,reviews-v2,2026-03-25 10:22:20
unknown,reviews-v3,2026-03-25 10:22:20
productpage-v1,reviews-v3,2026-03-25 10:22:20
productpage-v1,reviews-v2,2026-03-25 10:22:20
unknown,ratings-v1,2026-03-25 10:22:20
unknown,details-v1,2026-03-25 10:22:20
ratings-v1-5f7bb6dbdd-hb8rk,node-221,2026-03-25 10:22:20
reviews-v3,ratings-v1,2026-03-25 10:22:20
openclaw-gateway,details-v1,2026-03-25 10:22:20
openclaw-gateway,ratings-v1,2026-03-25 10:22:20
reviews-v2-78f7489cc8-kfj2q,node-219,2026-03-25 10:22:20
openclaw-gateway,reviews-v1,2026-03-25 10:22:20
details-v1-bf9f794fb-zxrkg,node-219,2026-03-25 10:22:20
reviews-v1-665cdc9c56-bnc58,node-219,2026-03-25 10:22:20
productpage-v1-649f4b6b86-h6nsx,node-219,2026-03-25 10:22:20
openclaw-gateway,reviews-v3,2026-03-25 10:22:20
unknown,reviews-v1,2026-03-25 10:22:20
reviews-v3-7778f74db8-bk7k6,node-219,2026-03-25 10:22:20
productpage-v1,details-v1,2026-03-25 10:22:20
unknown,reviews-v2,2026-03-25 10:22:20
productpage-v1,reviews-v1,2026-03-25 10:22:20
productpage-v1,reviews-v1,2026-03-25 10:22:25
reviews-v3,ratings-v1,2026-03-25 10:22:25
ratings-v1-5f7bb6dbdd-hb8rk,node-221,2026-03-25 10:22:25
details-v1-bf9f794fb-zxrkg,node-219,2026-03-25 10:22:25
unknown,reviews-v1,2026-03-25 10:22:25
unknown,reviews-v3,2026-03-25 10:22:25
productpage-v1,reviews-v2,2026-03-25 10:22:25
reviews-v2,ratings-v1,2026-03-25 10:22:25
reviews-v3-7778f74db8-bk7k6,node-219,2026-03-25 10:22:25
openclaw-gateway,ratings-v1,2026-03-25 10:22:25
reviews-v2-78f7489cc8-kfj2q,node-219,2026-03-25 10:22:25
unknown,reviews-v2,2026-03-25 10:22:25
productpage-v1,details-v1,2026-03-25 10:22:25
openclaw-gateway,reviews-v2,2026-03-25 10:22:25
productpage-v1,reviews-v3,2026-03-25 10:22:25
unknown,ratings-v1,2026-03-25 10:22:25
unknown,details-v1,2026-03-25 10:22:25
productpage-v1-649f4b6b86-h6nsx,node-219,2026-03-25 10:22:25
openclaw-gateway,details-v1,2026-03-25 10:22:25
reviews-v1-665cdc9c56-bnc58,node-219,2026-03-25 10:22:25
openclaw-gateway,reviews-v1,2026-03-25 10:22:25
openclaw-gateway,reviews-v3,2026-03-25 10:22:25
unknown,details-v1,2026-03-25 10:22:30
reviews-v3-7778f74db8-bk7k6,node-219,2026-03-25 10:22:30
unknown,reviews-v3,2026-03-25 10:22:30
details-v1-bf9f794fb-zxrkg,node-219,2026-03-25 10:22:30
openclaw-gateway,ratings-v1,2026-03-25 10:22:30
productpage-v1,reviews-v3,2026-03-25 10:22:30
productpage-v1-649f4b6b86-h6nsx,node-219,2026-03-25 10:22:30
openclaw-gateway,reviews-v1,2026-03-25 10:22:30
openclaw-gateway,reviews-v3,2026-03-25 10:22:30
productpage-v1,reviews-v1,2026-03-25 10:22:30
reviews-v2-78f7489cc8-kfj2q,node-219,2026-03-25 10:22:30
ratings-v1-5f7bb6dbdd-hb8rk,node-221,2026-03-25 10:22:30
productpage-v1,details-v1,2026-03-25 10:22:30
reviews-v2,ratings-v1,2026-03-25 10:22:30
unknown,reviews-v2,2026-03-25 10:22:30
openclaw-gateway,reviews-v2,2026-03-25 10:22:30
productpage-v1,reviews-v2,2026-03-25 10:22:30
unknown,ratings-v1,2026-03-25 10:22:30
unknown,reviews-v1,2026-03-25 10:22:30
reviews-v3,ratings-v1,2026-03-25 10:22:30
reviews-v1-665cdc9c56-bnc58,node-219,2026-03-25 10:22:30
openclaw-gateway,details-v1,2026-03-25 10:22:30
openclaw-gateway,details-v1,2026-03-25 10:22:35
unknown,details-v1,2026-03-25 10:22:35
unknown,reviews-v1,2026-03-25 10:22:35
details-v1-bf9f794fb-zxrkg,node-219,2026-03-25 10:22:35
reviews-v1-665cdc9c56-bnc58,node-219,2026-03-25 10:22:35
productpage-v1,reviews-v1,2026-03-25 10:22:35
openclaw-gateway,reviews-v2,2026-03-25 10:22:35
openclaw-gateway,ratings-v1,2026-03-25 10:22:35
reviews-v2,ratings-v1,2026-03-25 10:22:35
openclaw-gateway,reviews-v1,2026-03-25 10:22:35
reviews-v3,ratings-v1,2026-03-25 10:22:35
unknown,reviews-v3,2026-03-25 10:22:35
productpage-v1,reviews-v3,2026-03-25 10:22:35
productpage-v1-649f4b6b86-h6nsx,node-219,2026-03-25 10:22:35
reviews-v3-7778f74db8-bk7k6,node-219,2026-03-25 10:22:35
ratings-v1-5f7bb6dbdd-hb8rk,node-221,2026-03-25 10:22:35
unknown,ratings-v1,2026-03-25 10:22:35
reviews-v2-78f7489cc8-kfj2q,node-219,2026-03-25 10:22:35
productpage-v1,reviews-v2,2026-03-25 10:22:35
openclaw-gateway,reviews-v3,2026-03-25 10:22:35
productpage-v1,details-v1,2026-03-25 10:22:35
unknown,reviews-v2,2026-03-25 10:22:35
ratings-v1-5f7bb6dbdd-hb8rk,node-221,2026-03-25 10:22:40
productpage-v1,reviews-v2,2026-03-25 10:22:40
productpage-v1-649f4b6b86-h6nsx,node-219,2026-03-25 10:22:40
unknown,details-v1,2026-03-25 10:22:40
openclaw-gateway,reviews-v2,2026-03-25 10:22:40
unknown,reviews-v3,2026-03-25 10:22:40
openclaw-gateway,ratings-v1,2026-03-25 10:22:40
unknown,reviews-v1,2026-03-25 10:22:40
reviews-v2,ratings-v1,2026-03-25 10:22:40
reviews-v3,ratings-v1,2026-03-25 10:22:40
productpage-v1,reviews-v3,2026-03-25 10:22:40
unknown,ratings-v1,2026-03-25 10:22:40
productpage-v1,details-v1,2026-03-25 10:22:40
unknown,reviews-v2,2026-03-25 10:22:40
reviews-v2-78f7489cc8-kfj2q,node-219,2026-03-25 10:22:40
openclaw-gateway,reviews-v3,2026-03-25 10:22:40
reviews-v3-7778f74db8-bk7k6,node-219,2026-03-25 10:22:40
openclaw-gateway,reviews-v1,2026-03-25 10:22:40
openclaw-gateway,details-v1,2026-03-25 10:22:40
productpage-v1,reviews-v1,2026-03-25 10:22:40
reviews-v1-665cdc9c56-bnc58,node-219,2026-03-25 10:22:40
details-v1-bf9f794fb-zxrkg,node-219,2026-03-25 10:22:40
ratings-v1-5f7bb6dbdd-hb8rk,node-221,2026-03-25 10:22:45
details-v1-bf9f794fb-zxrkg,node-219,2026-03-25 10:22:45
openclaw-gateway,details-v1,2026-03-25 10:22:45
unknown,reviews-v3,2026-03-25 10:22:45
productpage-v1,reviews-v1,2026-03-25 10:22:45
unknown,reviews-v1,2026-03-25 10:22:45
openclaw-gateway,reviews-v1,2026-03-25 10:22:45
openclaw-gateway,reviews-v3,2026-03-25 10:22:45
reviews-v2-78f7489cc8-kfj2q,node-219,2026-03-25 10:22:45
unknown,ratings-v1,2026-03-25 10:22:45
unknown,reviews-v2,2026-03-25 10:22:45
openclaw-gateway,reviews-v2,2026-03-25 10:22:45
reviews-v1-665cdc9c56-bnc58,node-219,2026-03-25 10:22:45
reviews-v3,ratings-v1,2026-03-25 10:22:45
productpage-v1,reviews-v3,2026-03-25 10:22:45
productpage-v1,reviews-v2,2026-03-25 10:22:45
reviews-v3-7778f74db8-bk7k6,node-219,2026-03-25 10:22:45
productpage-v1-649f4b6b86-h6nsx,node-219,2026-03-25 10:22:45
openclaw-gateway,ratings-v1,2026-03-25 10:22:45
reviews-v2,ratings-v1,2026-03-25 10:22:45
openclaw-gateway,reviews-v2,2026-03-25 10:22:50
productpage-v1,reviews-v2,2026-03-25 10:22:50
productpage-v1-649f4b6b86-h6nsx,node-219,2026-03-25 10:22:50
unknown,reviews-v2,2026-03-25 10:22:50
unknown,reviews-v1,2026-03-25 10:22:50
ratings-v1-5f7bb6dbdd-hb8rk,node-221,2026-03-25 10:22:50
openclaw-gateway,details-v1,2026-03-25 10:22:50
reviews-v1-665cdc9c56-bnc58,node-219,2026-03-25 10:22:50
openclaw-gateway,reviews-v1,2026-03-25 10:22:50
productpage-v1,reviews-v1,2026-03-25 10:22:50
openclaw-gateway,ratings-v1,2026-03-25 10:22:50
reviews-v3-7778f74db8-bk7k6,node-219,2026-03-25 10:22:50
details-v1-bf9f794fb-zxrkg,node-219,2026-03-25 10:22:50
productpage-v1,reviews-v3,2026-03-25 10:22:50
reviews-v2,ratings-v1,2026-03-25 10:22:50
reviews-v3,ratings-v1,2026-03-25 10:22:50
reviews-v2-78f7489cc8-kfj2q,node-219,2026-03-25 10:22:50
unknown,ratings-v1,2026-03-25 10:22:50
openclaw-gateway,reviews-v3,2026-03-25 10:22:50
unknown,reviews-v3,2026-03-25 10:22:50
reviews-v1-665cdc9c56-bnc58,node-219,2026-03-25 10:22:55
productpage-v1-649f4b6b86-h6nsx,node-219,2026-03-25 10:22:55
reviews-v3-7778f74db8-bk7k6,node-219,2026-03-25 10:22:55
ratings-v1-5f7bb6dbdd-hb8rk,node-221,2026-03-25 10:22:55
reviews-v2-78f7489cc8-kfj2q,node-219,2026-03-25 10:22:55
details-v1-bf9f794fb-zxrkg,node-219,2026-03-25 10:22:55
openclaw-gateway,reviews-v2,2026-03-25 10:22:55
openclaw-gateway,details-v1,2026-03-25 10:22:55
openclaw-gateway,ratings-v1,2026-03-25 10:22:55
unknown,ratings-v1,2026-03-25 10:22:55
openclaw-gateway,reviews-v3,2026-03-25 10:22:55
reviews-v3,ratings-v1,2026-03-25 10:22:55
reviews-v2,ratings-v1,2026-03-25 10:22:55
openclaw-gateway,reviews-v1,2026-03-25 10:22:55
unknown,reviews-v2,2026-03-25 10:22:55
unknown,reviews-v3,2026-03-25 10:22:55
productpage-v1,reviews-v3,2026-03-25 10:22:55
productpage-v1,reviews-v1,2026-03-25 10:22:55
unknown,reviews-v1,2026-03-25 10:22:55
productpage-v1,reviews-v2,2026-03-25 10:22:55
openclaw-gateway,details-v1,2026-03-25 10:23:00
ratings-v1-5f7bb6dbdd-hb8rk,node-221,2026-03-25 10:23:00
unknown,reviews-v2,2026-03-25 10:23:00
openclaw-gateway,reviews-v3,2026-03-25 10:23:00
productpage-v1,reviews-v2,2026-03-25 10:23:00
productpage-v1-649f4b6b86-h6nsx,node-219,2026-03-25 10:23:00
unknown,reviews-v1,2026-03-25 10:23:00
openclaw-gateway,ratings-v1,2026-03-25 10:23:00
reviews-v1-665cdc9c56-bnc58,node-219,2026-03-25 10:23:00
productpage-v1,reviews-v1,2026-03-25 10:23:00
productpage-v1,details-v1,2026-03-25 10:23:00
openclaw-gateway,reviews-v1,2026-03-25 10:23:00
reviews-v2,ratings-v1,2026-03-25 10:23:00
unknown,ratings-v1,2026-03-25 10:23:00
reviews-v2-78f7489cc8-kfj2q,node-219,2026-03-25 10:23:00
openclaw-gateway,reviews-v2,2026-03-25 10:23:00
productpage-v1,reviews-v3,2026-03-25 10:23:00
reviews-v3-7778f74db8-bk7k6,node-219,2026-03-25 10:23:00
details-v1-bf9f794fb-zxrkg,node-219,2026-03-25 10:23:00
reviews-v3,ratings-v1,2026-03-25 10:23:00
unknown,reviews-v3,2026-03-25 10:23:00
unknown,details-v1,2026-03-25 10:23:00
productpage-v1,reviews-v1,2026-03-25 10:23:05
productpage-v1-649f4b6b86-h6nsx,node-219,2026-03-25 10:23:05
productpage-v1,details-v1,2026-03-25 10:23:05
ratings-v1-5f7bb6dbdd-hb8rk,node-221,2026-03-25 10:23:05
unknown,reviews-v2,2026-03-25 10:23:05
unknown,reviews-v1,2026-03-25 10:23:05
reviews-v1-665cdc9c56-bnc58,node-219,2026-03-25 10:23:05
productpage-v1,reviews-v2,2026-03-25 10:23:05
reviews-v2,ratings-v1,2026-03-25 10:23:05
openclaw-gateway,ratings-v1,2026-03-25 10:23:05
reviews-v3,ratings-v1,2026-03-25 10:23:05
openclaw-gateway,reviews-v3,2026-03-25 10:23:05
openclaw-gateway,reviews-v1,2026-03-25 10:23:05
reviews-v3-7778f74db8-bk7k6,node-219,2026-03-25 10:23:05
openclaw-gateway,reviews-v2,2026-03-25 10:23:05
reviews-v2-78f7489cc8-kfj2q,node-219,2026-03-25 10:23:05
unknown,details-v1,2026-03-25 10:23:05
openclaw-gateway,details-v1,2026-03-25 10:23:05
details-v1-bf9f794fb-zxrkg,node-219,2026-03-25 10:23:05
unknown,ratings-v1,2026-03-25 10:23:05
reviews-v1-665cdc9c56-bnc58,node-219,2026-03-25 10:23:10
openclaw-gateway,ratings-v1,2026-03-25 10:23:10
ratings-v1-5f7bb6dbdd-hb8rk,node-221,2026-03-25 10:23:10
productpage-v1-649f4b6b86-h6nsx,node-219,2026-03-25 10:23:10
reviews-v3-7778f74db8-bk7k6,node-219,2026-03-25 10:23:10
reviews-v3,ratings-v1,2026-03-25 10:23:10
productpage-v1,reviews-v1,2026-03-25 10:23:10
openclaw-gateway,reviews-v2,2026-03-25 10:23:10
reviews-v2-78f7489cc8-kfj2q,node-219,2026-03-25 10:23:10
unknown,reviews-v1,2026-03-25 10:23:10
productpage-v1,reviews-v2,2026-03-25 10:23:10
reviews-v2,ratings-v1,2026-03-25 10:23:10
openclaw-gateway,details-v1,2026-03-25 10:23:10
openclaw-gateway,reviews-v1,2026-03-25 10:23:10
openclaw-gateway,reviews-v3,2026-03-25 10:23:10
details-v1-bf9f794fb-zxrkg,node-219,2026-03-25 10:23:10
unknown,details-v1,2026-03-25 10:23:10
productpage-v1,details-v1,2026-03-25 10:23:10
unknown,reviews-v2,2026-03-25 10:23:10
unknown,ratings-v1,2026-03-25 10:23:10
productpage-v1,details-v1,2026-03-25 10:23:15
productpage-v1,reviews-v2,2026-03-25 10:23:15
reviews-v3-7778f74db8-bk7k6,node-219,2026-03-25 10:23:15
openclaw-gateway,ratings-v1,2026-03-25 10:23:15
unknown,reviews-v1,2026-03-25 10:23:15
openclaw-gateway,details-v1,2026-03-25 10:23:15
details-v1-bf9f794fb-zxrkg,node-219,2026-03-25 10:23:15
openclaw-gateway,reviews-v2,2026-03-25 10:23:15
productpage-v1-649f4b6b86-h6nsx,node-219,2026-03-25 10:23:15
reviews-v2-78f7489cc8-kfj2q,node-219,2026-03-25 10:23:15
reviews-v3,ratings-v1,2026-03-25 10:23:15
productpage-v1,reviews-v1,2026-03-25 10:23:15
ratings-v1-5f7bb6dbdd-hb8rk,node-221,2026-03-25 10:23:15
unknown,details-v1,2026-03-25 10:23:15
unknown,reviews-v2,2026-03-25 10:23:15
reviews-v2,ratings-v1,2026-03-25 10:23:15
openclaw-gateway,reviews-v1,2026-03-25 10:23:15
reviews-v1-665cdc9c56-bnc58,node-219,2026-03-25 10:23:15
openclaw-gateway,reviews-v3,2026-03-25 10:23:15
unknown,ratings-v1,2026-03-25 10:23:15
reviews-v1-665cdc9c56-bnc58,node-219,2026-03-25 10:23:20
reviews-v2-78f7489cc8-kfj2q,node-219,2026-03-25 10:23:20
unknown,ratings-v1,2026-03-25 10:23:20
unknown,reviews-v3,2026-03-25 10:23:20
reviews-v2,ratings-v1,2026-03-25 10:23:20
productpage-v1,details-v1,2026-03-25 10:23:20
openclaw-gateway,reviews-v1,2026-03-25 10:23:20
openclaw-gateway,details-v1,2026-03-25 10:23:20
productpage-v1,reviews-v1,2026-03-25 10:23:20
openclaw-gateway,ratings-v1,2026-03-25 10:23:20
unknown,reviews-v1,2026-03-25 10:23:20
productpage-v1,reviews-v3,2026-03-25 10:23:20
details-v1-bf9f794fb-zxrkg,node-219,2026-03-25 10:23:20
openclaw-gateway,reviews-v2,2026-03-25 10:23:20
ratings-v1-5f7bb6dbdd-hb8rk,node-221,2026-03-25 10:23:20
productpage-v1,reviews-v2,2026-03-25 10:23:20
reviews-v3,ratings-v1,2026-03-25 10:23:20
unknown,reviews-v2,2026-03-25 10:23:20
reviews-v3-7778f74db8-bk7k6,node-219,2026-03-25 10:23:20
productpage-v1-649f4b6b86-h6nsx,node-219,2026-03-25 10:23:20
unknown,details-v1,2026-03-25 10:23:20
openclaw-gateway,reviews-v3,2026-03-25 10:23:20
openclaw-gateway,reviews-v2,2026-03-25 10:23:25
reviews-v3-7778f74db8-bk7k6,node-219,2026-03-25 10:23:25
productpage-v1,details-v1,2026-03-25 10:23:25
unknown,reviews-v2,2026-03-25 10:23:25
openclaw-gateway,reviews-v1,2026-03-25 10:23:25
reviews-v1-665cdc9c56-bnc58,node-219,2026-03-25 10:23:25
reviews-v3,ratings-v1,2026-03-25 10:23:25
reviews-v2,ratings-v1,2026-03-25 10:23:25
openclaw-gateway,ratings-v1,2026-03-25 10:23:25
openclaw-gateway,details-v1,2026-03-25 10:23:25
productpage-v1-649f4b6b86-h6nsx,node-219,2026-03-25 10:23:25
productpage-v1,reviews-v1,2026-03-25 10:23:25
unknown,reviews-v3,2026-03-25 10:23:25
productpage-v1,reviews-v2,2026-03-25 10:23:25
unknown,details-v1,2026-03-25 10:23:25
unknown,reviews-v1,2026-03-25 10:23:25
reviews-v2-78f7489cc8-kfj2q,node-219,2026-03-25 10:23:25
ratings-v1-5f7bb6dbdd-hb8rk,node-221,2026-03-25 10:23:25
unknown,ratings-v1,2026-03-25 10:23:25
openclaw-gateway,reviews-v3,2026-03-25 10:23:25
details-v1-bf9f794fb-zxrkg,node-219,2026-03-25 10:23:25
productpage-v1,reviews-v3,2026-03-25 10:23:25
reviews-v2-78f7489cc8-kfj2q,node-219,2026-03-25 10:23:30
productpage-v1,reviews-v3,2026-03-25 10:23:30
openclaw-gateway,reviews-v3,2026-03-25 10:23:30
openclaw-gateway,reviews-v1,2026-03-25 10:23:30
unknown,reviews-v3,2026-03-25 10:23:30
ratings-v1-5f7bb6dbdd-hb8rk,node-221,2026-03-25 10:23:30
unknown,ratings-v1,2026-03-25 10:23:30
unknown,reviews-v2,2026-03-25 10:23:30
reviews-v3,ratings-v1,2026-03-25 10:23:30
productpage-v1,details-v1,2026-03-25 10:23:30
reviews-v2,ratings-v1,2026-03-25 10:23:30
productpage-v1,reviews-v1,2026-03-25 10:23:30
reviews-v3-7778f74db8-bk7k6,node-219,2026-03-25 10:23:30
reviews-v1-665cdc9c56-bnc58,node-219,2026-03-25 10:23:30
unknown,details-v1,2026-03-25 10:23:30
openclaw-gateway,reviews-v2,2026-03-25 10:23:30
productpage-v1,reviews-v2,2026-03-25 10:23:30
unknown,reviews-v1,2026-03-25 10:23:30
openclaw-gateway,details-v1,2026-03-25 10:23:30
productpage-v1-649f4b6b86-h6nsx,node-219,2026-03-25 10:23:30
details-v1-bf9f794fb-zxrkg,node-219,2026-03-25 10:23:30
openclaw-gateway,ratings-v1,2026-03-25 10:23:30
productpage-v1-649f4b6b86-h6nsx,node-219,2026-03-25 10:23:35
unknown,reviews-v2,2026-03-25 10:23:35
reviews-v3,ratings-v1,2026-03-25 10:23:35
reviews-v2-78f7489cc8-kfj2q,node-219,2026-03-25 10:23:35
productpage-v1,reviews-v1,2026-03-25 10:23:35
productpage-v1,reviews-v2,2026-03-25 10:23:35
productpage-v1,details-v1,2026-03-25 10:23:35
details-v1-bf9f794fb-zxrkg,node-219,2026-03-25 10:23:35
unknown,ratings-v1,2026-03-25 10:23:35
openclaw-gateway,reviews-v1,2026-03-25 10:23:35
ratings-v1-5f7bb6dbdd-hb8rk,node-221,2026-03-25 10:23:35
reviews-v2,ratings-v1,2026-03-25 10:23:35
unknown,reviews-v1,2026-03-25 10:23:35
openclaw-gateway,details-v1,2026-03-25 10:23:35
unknown,details-v1,2026-03-25 10:23:35
openclaw-gateway,reviews-v2,2026-03-25 10:23:35
reviews-v3-7778f74db8-bk7k6,node-219,2026-03-25 10:23:35
openclaw-gateway,ratings-v1,2026-03-25 10:23:35
reviews-v1-665cdc9c56-bnc58,node-219,2026-03-25 10:23:35
openclaw-gateway,reviews-v3,2026-03-25 10:23:35
productpage-v1,reviews-v1,2026-03-25 10:23:40
openclaw-gateway,reviews-v2,2026-03-25 10:23:40
productpage-v1,details-v1,2026-03-25 10:23:40
ratings-v1-5f7bb6dbdd-hb8rk,node-221,2026-03-25 10:23:40
openclaw-gateway,reviews-v3,2026-03-25 10:23:40
unknown,details-v1,2026-03-25 10:23:40
productpage-v1,reviews-v2,2026-03-25 10:23:40
unknown,reviews-v1,2026-03-25 10:23:40
unknown,ratings-v1,2026-03-25 10:23:40
details-v1-bf9f794fb-zxrkg,node-219,2026-03-25 10:23:40
productpage-v1-649f4b6b86-h6nsx,node-219,2026-03-25 10:23:40
unknown,reviews-v2,2026-03-25 10:23:40
openclaw-gateway,reviews-v1,2026-03-25 10:23:40
reviews-v1-665cdc9c56-bnc58,node-219,2026-03-25 10:23:40
openclaw-gateway,ratings-v1,2026-03-25 10:23:40
openclaw-gateway,details-v1,2026-03-25 10:23:40
reviews-v3-7778f74db8-bk7k6,node-219,2026-03-25 10:23:40
reviews-v3,ratings-v1,2026-03-25 10:23:40
reviews-v2,ratings-v1,2026-03-25 10:23:40
reviews-v2-78f7489cc8-kfj2q,node-219,2026-03-25 10:23:40
reviews-v2,ratings-v1,2026-03-25 10:23:45
reviews-v3,ratings-v1,2026-03-25 10:23:45
openclaw-gateway,reviews-v1,2026-03-25 10:23:45
unknown,ratings-v1,2026-03-25 10:23:45
details-v1-bf9f794fb-zxrkg,node-219,2026-03-25 10:23:45
ratings-v1-5f7bb6dbdd-hb8rk,node-221,2026-03-25 10:23:45
unknown,details-v1,2026-03-25 10:23:45
productpage-v1,details-v1,2026-03-25 10:23:45
openclaw-gateway,reviews-v3,2026-03-25 10:23:45
reviews-v3-7778f74db8-bk7k6,node-219,2026-03-25 10:23:45
reviews-v2-78f7489cc8-kfj2q,node-219,2026-03-25 10:23:45
productpage-v1,reviews-v2,2026-03-25 10:23:45
unknown,reviews-v2,2026-03-25 10:23:45
openclaw-gateway,reviews-v2,2026-03-25 10:23:45
unknown,reviews-v1,2026-03-25 10:23:45
reviews-v1-665cdc9c56-bnc58,node-219,2026-03-25 10:23:45
productpage-v1,reviews-v1,2026-03-25 10:23:45
openclaw-gateway,ratings-v1,2026-03-25 10:23:45
openclaw-gateway,details-v1,2026-03-25 10:23:45
productpage-v1-649f4b6b86-h6nsx,node-219,2026-03-25 10:23:45
reviews-v3-7778f74db8-bk7k6,node-219,2026-03-25 10:23:50
unknown,details-v1,2026-03-25 10:23:50
openclaw-gateway,ratings-v1,2026-03-25 10:23:50
productpage-v1,details-v1,2026-03-25 10:23:50
reviews-v2,ratings-v1,2026-03-25 10:23:50
reviews-v1-665cdc9c56-bnc58,node-219,2026-03-25 10:23:50
productpage-v1-649f4b6b86-h6nsx,node-219,2026-03-25 10:23:50
openclaw-gateway,reviews-v2,2026-03-25 10:23:50
openclaw-gateway,reviews-v3,2026-03-25 10:23:50
productpage-v1,reviews-v1,2026-03-25 10:23:50
openclaw-gateway,reviews-v1,2026-03-25 10:23:50
details-v1-bf9f794fb-zxrkg,node-219,2026-03-25 10:23:50
openclaw-gateway,details-v1,2026-03-25 10:23:50
ratings-v1-5f7bb6dbdd-hb8rk,node-221,2026-03-25 10:23:50
productpage-v1,reviews-v2,2026-03-25 10:23:50
unknown,reviews-v1,2026-03-25 10:23:50
productpage-v1,reviews-v3,2026-03-25 10:23:50
unknown,reviews-v3,2026-03-25 10:23:50
reviews-v2-78f7489cc8-kfj2q,node-219,2026-03-25 10:23:50
unknown,reviews-v2,2026-03-25 10:23:50
reviews-v3,ratings-v1,2026-03-25 10:23:50
unknown,ratings-v1,2026-03-25 10:23:50
productpage-v1,reviews-v2,2026-03-25 10:23:55
productpage-v1-649f4b6b86-h6nsx,node-219,2026-03-25 10:23:55
unknown,reviews-v2,2026-03-25 10:23:55
productpage-v1,reviews-v3,2026-03-25 10:23:55
reviews-v2,ratings-v1,2026-03-25 10:23:55
reviews-v3-7778f74db8-bk7k6,node-219,2026-03-25 10:23:55
openclaw-gateway,reviews-v2,2026-03-25 10:23:55
unknown,details-v1,2026-03-25 10:23:55
unknown,reviews-v1,2026-03-25 10:23:55
reviews-v1-665cdc9c56-bnc58,node-219,2026-03-25 10:23:55
openclaw-gateway,reviews-v3,2026-03-25 10:23:55
unknown,ratings-v1,2026-03-25 10:23:55
productpage-v1,details-v1,2026-03-25 10:23:55
details-v1-bf9f794fb-zxrkg,node-219,2026-03-25 10:23:55
openclaw-gateway,reviews-v1,2026-03-25 10:23:55
openclaw-gateway,ratings-v1,2026-03-25 10:23:55
openclaw-gateway,details-v1,2026-03-25 10:23:55
ratings-v1-5f7bb6dbdd-hb8rk,node-221,2026-03-25 10:23:55
productpage-v1,reviews-v1,2026-03-25 10:23:55
reviews-v3,ratings-v1,2026-03-25 10:23:55
reviews-v2-78f7489cc8-kfj2q,node-219,2026-03-25 10:23:55
unknown,reviews-v3,2026-03-25 10:23:55
unknown,details-v1,2026-03-25 10:24:00
productpage-v1,reviews-v3,2026-03-25 10:24:00
ratings-v1-5f7bb6dbdd-hb8rk,node-221,2026-03-25 10:24:00
details-v1-bf9f794fb-zxrkg,node-219,2026-03-25 10:24:00
unknown,reviews-v3,2026-03-25 10:24:00
reviews-v2,ratings-v1,2026-03-25 10:24:00
openclaw-gateway,reviews-v2,2026-03-25 10:24:00
unknown,reviews-v2,2026-03-25 10:24:00
reviews-v3-7778f74db8-bk7k6,node-219,2026-03-25 10:24:00
productpage-v1,reviews-v2,2026-03-25 10:24:00
productpage-v1-649f4b6b86-h6nsx,node-219,2026-03-25 10:24:00
unknown,reviews-v1,2026-03-25 10:24:00
productpage-v1,reviews-v1,2026-03-25 10:24:00
reviews-v1-665cdc9c56-bnc58,node-219,2026-03-25 10:24:00
openclaw-gateway,reviews-v1,2026-03-25 10:24:00
openclaw-gateway,ratings-v1,2026-03-25 10:24:00
unknown,ratings-v1,2026-03-25 10:24:00
openclaw-gateway,details-v1,2026-03-25 10:24:00
reviews-v2-78f7489cc8-kfj2q,node-219,2026-03-25 10:24:00
reviews-v3,ratings-v1,2026-03-25 10:24:00
openclaw-gateway,reviews-v3,2026-03-25 10:24:00
productpage-v1,details-v1,2026-03-25 10:24:00
openclaw-gateway,details-v1,2026-03-25 10:24:05
unknown,reviews-v3,2026-03-25 10:24:05
reviews-v1-665cdc9c56-bnc58,node-219,2026-03-25 10:24:05
unknown,reviews-v1,2026-03-25 10:24:05
productpage-v1,reviews-v1,2026-03-25 10:24:05
productpage-v1,details-v1,2026-03-25 10:24:05
productpage-v1-649f4b6b86-h6nsx,node-219,2026-03-25 10:24:05
productpage-v1,reviews-v2,2026-03-25 10:24:05
openclaw-gateway,reviews-v1,2026-03-25 10:24:05
unknown,reviews-v2,2026-03-25 10:24:05
unknown,ratings-v1,2026-03-25 10:24:05
ratings-v1-5f7bb6dbdd-hb8rk,node-221,2026-03-25 10:24:05
reviews-v3,ratings-v1,2026-03-25 10:24:05
openclaw-gateway,reviews-v2,2026-03-25 10:24:05
reviews-v2-78f7489cc8-kfj2q,node-219,2026-03-25 10:24:05
reviews-v2,ratings-v1,2026-03-25 10:24:05
details-v1-bf9f794fb-zxrkg,node-219,2026-03-25 10:24:05
openclaw-gateway,ratings-v1,2026-03-25 10:24:05
reviews-v3-7778f74db8-bk7k6,node-219,2026-03-25 10:24:05
productpage-v1,reviews-v3,2026-03-25 10:24:05
unknown,details-v1,2026-03-25 10:24:05
openclaw-gateway,reviews-v3,2026-03-25 10:24:05
openclaw-gateway,reviews-v3,2026-03-25 10:24:10
details-v1-bf9f794fb-zxrkg,node-219,2026-03-25 10:24:10
productpage-v1,reviews-v2,2026-03-25 10:24:10
productpage-v1,reviews-v3,2026-03-25 10:24:10
productpage-v1-649f4b6b86-h6nsx,node-219,2026-03-25 10:24:10
openclaw-gateway,reviews-v2,2026-03-25 10:24:10
unknown,reviews-v2,2026-03-25 10:24:10
productpage-v1,details-v1,2026-03-25 10:24:10
productpage-v1,reviews-v1,2026-03-25 10:24:10
reviews-v1-665cdc9c56-bnc58,node-219,2026-03-25 10:24:10
openclaw-gateway,reviews-v1,2026-03-25 10:24:10
unknown,reviews-v3,2026-03-25 10:24:10
unknown,ratings-v1,2026-03-25 10:24:10
reviews-v3,ratings-v1,2026-03-25 10:24:10
openclaw-gateway,details-v1,2026-03-25 10:24:10
reviews-v2-78f7489cc8-kfj2q,node-219,2026-03-25 10:24:10
reviews-v2,ratings-v1,2026-03-25 10:24:10
openclaw-gateway,ratings-v1,2026-03-25 10:24:10
reviews-v3-7778f74db8-bk7k6,node-219,2026-03-25 10:24:10
unknown,details-v1,2026-03-25 10:24:10
unknown,reviews-v1,2026-03-25 10:24:10
ratings-v1-5f7bb6dbdd-hb8rk,node-221,2026-03-25 10:24:10
