fault,service,first_drop_from_fault_start_s,first_post_start_drop_from_fault_start_s,preexisting_drop,success_min
cpu_load,agent-network-excel-gen,,,False,1.0
cpu_load,agent-network-image-gen,,,False,
cpu_load,agent-network-pdf-gen,,,False,1.0
cpu_load,agent-network-planner,400.0,400.0,False,0.8888888888888888
cpu_load,agent-network-summarizer,400.0,400.0,False,0.8888888888888888
cpu_load,agent-network-word-gen,,,False,1.0
cpu_load,agent-network-word-parsing,,,False,
mem_load,agent-network-csv-gen,,,False,1.0
mem_load,agent-network-direction,,,False,1.0
mem_load,agent-network-excel-gen,,,False,1.0
mem_load,agent-network-excel-parsing,,,False,1.0
mem_load,agent-network-image-gen,,,False,1.0
mem_load,agent-network-ocr,,,False,1.0
mem_load,agent-network-pdf-gen,,,False,1.0
mem_load,agent-network-planner,,,False,1.0
mem_load,agent-network-summarizer,610.0,610.0,False,0.9375
mem_load,agent-network-word-gen,,,False,1.0
mem_load,agent-network-word-parsing,,,False,1.0
net_latency,agent-network-csv-gen,,,False,1.0
net_latency,agent-network-direction,,,False,1.0
net_latency,agent-network-excel-gen,,,False,1.0
net_latency,agent-network-excel-parsing,,,False,1.0
net_latency,agent-network-image-gen,,,False,1.0
net_latency,agent-network-ocr,,,False,1.0
net_latency,agent-network-pdf-gen,,,False,1.0
net_latency,agent-network-planner,-70.0,380.0,True,0.0
net_latency,agent-network-summarizer,-75.0,120.0,True,0.0
net_latency,agent-network-word-gen,,,False,1.0
net_latency,agent-network-word-parsing,,,False,1.0
pod_failure,agent-network-csv-gen,,,False,1.0
pod_failure,agent-network-direction,,,False,1.0
pod_failure,agent-network-excel-gen,,,False,1.0
pod_failure,agent-network-excel-parsing,,,False,1.0
pod_failure,agent-network-image-gen,,,False,1.0
pod_failure,agent-network-ocr,,,False,1.0
pod_failure,agent-network-pdf-gen,,,False,1.0
pod_failure,agent-network-planner,440.0,440.0,False,0.0
pod_failure,agent-network-summarizer,435.0,435.0,False,0.0
pod_failure,agent-network-word-gen,,,False,1.0
pod_failure,agent-network-word-parsing,,,False,1.0
pod_kill,agent-network-csv-gen,,,False,1.0
pod_kill,agent-network-direction,,,False,1.0
pod_kill,agent-network-excel-gen,,,False,1.0
pod_kill,agent-network-excel-parsing,,,False,1.0
pod_kill,agent-network-image-gen,,,False,1.0
pod_kill,agent-network-ocr,,,False,1.0
pod_kill,agent-network-pdf-gen,,,False,1.0
pod_kill,agent-network-planner,375.0,375.0,False,0.8333333333333333
pod_kill,agent-network-summarizer,390.0,390.0,False,0.0
pod_kill,agent-network-word-gen,,,False,1.0
pod_kill,agent-network-word-parsing,,,False,1.0
