baseline,metric,fault,normal_n,infault_n,infault_total_samples,normal_mean,normal_std,normal_cv,normal_p10,normal_p90,infault_mean,infault_cv,standardized_mean_shift,infault_within_normal_p10_p90_pct
1 user,CPU (mC),cpu_load,181,37,37,20.900224,4.667009,0.223299,15.513988,26.119415,384.744932,0.462542,77.961003,0.000000
1 user,Memory (MB),cpu_load,181,37,37,180.224000,0.000000,0.000000,180.224000,180.224000,273.073014,0.037617,,0.000000
1 user,Latency p99 (ms),cpu_load,0,0,37,,,,,,,,,
1 user,Success rate,cpu_load,0,0,37,,,,,,,,,
1 user,CPU (mC),mem_load,181,37,37,20.900224,4.667009,0.223299,15.513988,26.119415,335.714384,0.625377,67.455227,0.000000
1 user,Memory (MB),mem_load,181,37,37,180.224000,0.000000,0.000000,180.224000,180.224000,466.629715,0.514840,,0.000000
1 user,Latency p99 (ms),mem_load,0,0,37,,,,,,,,,
1 user,Success rate,mem_load,0,0,37,,,,,,,,,
1 user,CPU (mC),net_latency,181,37,37,20.900224,4.667009,0.223299,15.513988,26.119415,15.106584,0.528655,1.241403,16.216216
1 user,Memory (MB),net_latency,181,37,37,180.224000,0.000000,0.000000,180.224000,180.224000,289.397345,0.000983,,0.000000
1 user,Latency p99 (ms),net_latency,0,21,37,,,,,,52592.857143,0.331012,,0.000000
1 user,Success rate,net_latency,0,32,37,,,,,,1.000000,0.000000,,0.000000
1 user,CPU (mC),pod_failure,181,37,37,20.900224,4.667009,0.223299,15.513988,26.119415,0.626158,3.355306,4.344124,0.000000
1 user,Memory (MB),pod_failure,181,37,37,180.224000,0.000000,0.000000,180.224000,180.224000,25.008958,3.124451,,0.000000
1 user,Latency p99 (ms),pod_failure,0,6,37,,,,,,19875.000000,0.499371,,0.000000
1 user,Success rate,pod_failure,0,18,37,,,,,,1.000000,0.000000,,0.000000
1 user,CPU (mC),pod_kill,181,37,37,20.900224,4.667009,0.223299,15.513988,26.119415,6.273839,0.979198,3.133995,8.108108
1 user,Memory (MB),pod_kill,181,37,37,180.224000,0.000000,0.000000,180.224000,180.224000,146.334471,0.445545,,0.000000
1 user,Latency p99 (ms),pod_kill,0,6,37,,,,,,19875.000000,0.499371,,0.000000
1 user,Success rate,pod_kill,0,17,37,,,,,,1.000000,0.000000,,0.000000
3 users,CPU (mC),cpu_load,241,37,37,79.712898,134.891057,1.692211,5.473487,294.909251,384.744932,0.462542,2.261321,18.918919
3 users,Memory (MB),cpu_load,241,37,37,410.068253,289.957995,0.707097,171.884544,827.568128,273.073014,0.037617,0.472466,100.000000
3 users,Latency p99 (ms),cpu_load,178,0,37,8541.573034,18208.590447,2.131761,0.000000,29800.000000,,,,
3 users,Success rate,cpu_load,57,0,37,1.000000,0.000000,0.000000,1.000000,1.000000,,,,
3 users,CPU (mC),mem_load,241,37,37,79.712898,134.891057,1.692211,5.473487,294.909251,335.714384,0.625377,1.897839,40.540541
3 users,Memory (MB),mem_load,241,37,37,410.068253,289.957995,0.707097,171.884544,827.568128,466.629715,0.514840,0.195068,100.000000
3 users,Latency p99 (ms),mem_load,178,0,37,8541.573034,18208.590447,2.131761,0.000000,29800.000000,,,,
3 users,Success rate,mem_load,57,0,37,1.000000,0.000000,0.000000,1.000000,1.000000,,,,
3 users,CPU (mC),net_latency,241,37,37,79.712898,134.891057,1.692211,5.473487,294.909251,15.106584,0.528655,0.478952,100.000000
3 users,Memory (MB),net_latency,241,37,37,410.068253,289.957995,0.707097,171.884544,827.568128,289.397345,0.000983,0.416167,100.000000
3 users,Latency p99 (ms),net_latency,178,21,37,8541.573034,18208.590447,2.131761,0.000000,29800.000000,52592.857143,0.331012,2.419258,14.285714
3 users,Success rate,net_latency,57,32,37,1.000000,0.000000,0.000000,1.000000,1.000000,1.000000,0.000000,0.000000,100.000000
3 users,CPU (mC),pod_failure,241,37,37,79.712898,134.891057,1.692211,5.473487,294.909251,0.626158,3.355306,0.586301,8.108108
3 users,Memory (MB),pod_failure,241,37,37,410.068253,289.957995,0.707097,171.884544,827.568128,25.008958,3.124451,1.327983,8.108108
3 users,Latency p99 (ms),pod_failure,178,6,37,8541.573034,18208.590447,2.131761,0.000000,29800.000000,19875.000000,0.499371,0.622422,100.000000
3 users,Success rate,pod_failure,57,18,37,1.000000,0.000000,0.000000,1.000000,1.000000,1.000000,0.000000,0.000000,100.000000
3 users,CPU (mC),pod_kill,241,37,37,79.712898,134.891057,1.692211,5.473487,294.909251,6.273839,0.979198,0.544432,56.756757
3 users,Memory (MB),pod_kill,241,37,37,410.068253,289.957995,0.707097,171.884544,827.568128,146.334471,0.445545,0.909559,18.918919
3 users,Latency p99 (ms),pod_kill,178,6,37,8541.573034,18208.590447,2.131761,0.000000,29800.000000,19875.000000,0.499371,0.622422,100.000000
3 users,Success rate,pod_kill,57,17,37,1.000000,0.000000,0.000000,1.000000,1.000000,1.000000,0.000000,0.000000,100.000000
5 users,CPU (mC),cpu_load,361,37,37,21.203516,4.744561,0.223763,14.311988,26.918428,384.744932,0.462542,76.622773,0.000000
5 users,Memory (MB),cpu_load,361,37,37,180.224000,0.000000,0.000000,180.224000,180.224000,273.073014,0.037617,,0.000000
5 users,Latency p99 (ms),cpu_load,0,0,37,,,,,,,,,
5 users,Success rate,cpu_load,0,0,37,,,,,,,,,
5 users,CPU (mC),mem_load,361,37,37,21.203516,4.744561,0.223763,14.311988,26.918428,335.714384,0.625377,66.288719,8.108108
5 users,Memory (MB),mem_load,361,37,37,180.224000,0.000000,0.000000,180.224000,180.224000,466.629715,0.514840,,0.000000
5 users,Latency p99 (ms),mem_load,0,0,37,,,,,,,,,
5 users,Success rate,mem_load,0,0,37,,,,,,,,,
5 users,CPU (mC),net_latency,361,37,37,21.203516,4.744561,0.223763,14.311988,26.918428,15.106584,0.528655,1.285036,16.216216
5 users,Memory (MB),net_latency,361,37,37,180.224000,0.000000,0.000000,180.224000,180.224000,289.397345,0.000983,,0.000000
5 users,Latency p99 (ms),net_latency,0,21,37,,,,,,52592.857143,0.331012,,0.000000
5 users,Success rate,net_latency,0,32,37,,,,,,1.000000,0.000000,,0.000000
5 users,CPU (mC),pod_failure,361,37,37,21.203516,4.744561,0.223763,14.311988,26.918428,0.626158,3.355306,4.337041,0.000000
5 users,Memory (MB),pod_failure,361,37,37,180.224000,0.000000,0.000000,180.224000,180.224000,25.008958,3.124451,,0.000000
5 users,Latency p99 (ms),pod_failure,0,6,37,,,,,,19875.000000,0.499371,,0.000000
5 users,Success rate,pod_failure,0,18,37,,,,,,1.000000,0.000000,,0.000000
5 users,CPU (mC),pod_kill,361,37,37,21.203516,4.744561,0.223763,14.311988,26.918428,6.273839,0.979198,3.146693,8.108108
5 users,Memory (MB),pod_kill,361,37,37,180.224000,0.000000,0.000000,180.224000,180.224000,146.334471,0.445545,,0.000000
5 users,Latency p99 (ms),pod_kill,0,6,37,,,,,,19875.000000,0.499371,,0.000000
5 users,Success rate,pod_kill,0,17,37,,,,,,1.000000,0.000000,,0.000000
pooled 1/3/5 users,CPU (mC),cpu_load,783,37,37,39.142041,79.672775,2.035478,7.084461,30.050085,384.744932,0.462542,4.337779,0.000000
pooled 1/3/5 users,Memory (MB),cpu_load,783,37,37,250.967889,192.699418,0.767825,172.261376,630.513664,273.073014,0.037617,0.114713,100.000000
pooled 1/3/5 users,Latency p99 (ms),cpu_load,178,0,37,8541.573034,18208.590447,2.131761,0.000000,29800.000000,,,,
pooled 1/3/5 users,Success rate,cpu_load,57,0,37,1.000000,0.000000,0.000000,1.000000,1.000000,,,,
pooled 1/3/5 users,CPU (mC),mem_load,783,37,37,39.142041,79.672775,2.035478,7.084461,30.050085,335.714384,0.625377,3.722380,24.324324
pooled 1/3/5 users,Memory (MB),mem_load,783,37,37,250.967889,192.699418,0.767825,172.261376,630.513664,466.629715,0.514840,1.119162,67.567568
pooled 1/3/5 users,Latency p99 (ms),mem_load,178,0,37,8541.573034,18208.590447,2.131761,0.000000,29800.000000,,,,
pooled 1/3/5 users,Success rate,mem_load,57,0,37,1.000000,0.000000,0.000000,1.000000,1.000000,,,,
pooled 1/3/5 users,CPU (mC),net_latency,783,37,37,39.142041,79.672775,2.035478,7.084461,30.050085,15.106584,0.528655,0.301677,100.000000
pooled 1/3/5 users,Memory (MB),net_latency,783,37,37,250.967889,192.699418,0.767825,172.261376,630.513664,289.397345,0.000983,0.199427,100.000000
pooled 1/3/5 users,Latency p99 (ms),net_latency,178,21,37,8541.573034,18208.590447,2.131761,0.000000,29800.000000,52592.857143,0.331012,2.419258,14.285714
pooled 1/3/5 users,Success rate,net_latency,57,32,37,1.000000,0.000000,0.000000,1.000000,1.000000,1.000000,0.000000,0.000000,100.000000
pooled 1/3/5 users,CPU (mC),pod_failure,783,37,37,39.142041,79.672775,2.035478,7.084461,30.050085,0.626158,3.355306,0.483426,8.108108
pooled 1/3/5 users,Memory (MB),pod_failure,783,37,37,250.967889,192.699418,0.767825,172.261376,630.513664,25.008958,3.124451,1.172598,8.108108
pooled 1/3/5 users,Latency p99 (ms),pod_failure,178,6,37,8541.573034,18208.590447,2.131761,0.000000,29800.000000,19875.000000,0.499371,0.622422,100.000000
pooled 1/3/5 users,Success rate,pod_failure,57,18,37,1.000000,0.000000,0.000000,1.000000,1.000000,1.000000,0.000000,0.000000,100.000000
pooled 1/3/5 users,CPU (mC),pod_kill,783,37,37,39.142041,79.672775,2.035478,7.084461,30.050085,6.273839,0.979198,0.412540,56.756757
pooled 1/3/5 users,Memory (MB),pod_kill,783,37,37,250.967889,192.699418,0.767825,172.261376,630.513664,146.334471,0.445545,0.542988,8.108108
pooled 1/3/5 users,Latency p99 (ms),pod_kill,178,6,37,8541.573034,18208.590447,2.131761,0.000000,29800.000000,19875.000000,0.499371,0.622422,100.000000
pooled 1/3/5 users,Success rate,pod_kill,57,17,37,1.000000,0.000000,0.000000,1.000000,1.000000,1.000000,0.000000,0.000000,100.000000
