load,stage,role,service,lag_s,peak_corr
1 user,0,入口 entry,planner,0,1.0
1 user,1,路由 route,direction,20,0.29
1 user,2,解析 parse,excel-parsing,50,0.35
1 user,2,解析 parse,ocr,30,-0.1
1 user,3,生成 generate,csv-gen,55,0.52
1 user,3,生成 generate,excel-gen,0,0.53
1 user,3,生成 generate,image-gen,30,0.13
1 user,3,生成 generate,pdf-gen,30,0.11
1 user,3,生成 generate,word-gen,30,0.24
1 user,4,出口 exit,summarizer,30,0.56
3 users,0,入口 entry,planner,0,1.0
3 users,1,路由 route,direction,20,0.08
3 users,2,解析 parse,excel-parsing,25,0.25
3 users,2,解析 parse,ocr,60,0.26
3 users,2,解析 parse,pdf-parsing,60,-0.16
3 users,2,解析 parse,word-parsing,0,0.22
3 users,3,生成 generate,csv-gen,55,0.27
3 users,3,生成 generate,excel-gen,0,0.16
3 users,3,生成 generate,image-gen,60,0.27
3 users,3,生成 generate,pdf-gen,60,0.29
3 users,3,生成 generate,word-gen,60,0.2
3 users,4,出口 exit,summarizer,0,0.44
5 users,0,入口 entry,planner,0,1.0
5 users,1,路由 route,direction,35,0.49
5 users,2,解析 parse,excel-parsing,60,0.38
5 users,2,解析 parse,ocr,50,0.29
5 users,2,解析 parse,word-parsing,15,0.33
5 users,3,生成 generate,csv-gen,40,0.27
5 users,3,生成 generate,excel-gen,60,0.46
5 users,3,生成 generate,image-gen,60,0.42
5 users,3,生成 generate,pdf-gen,30,0.15
5 users,3,生成 generate,word-gen,25,0.32
5 users,4,出口 exit,summarizer,45,0.57
