load,vertex,traces_with,coverage,invocations,time_mean_s,time_cv
1 user,AgentNetworkPlannerGroup,38,0.826,38,219.59,0.89
1 user,OCRParserGroup,4,0.087,8,15.2,0.83
1 user,WordGenerationAgentGroup,7,0.152,7,85.82,0.58
1 user,ExcelGenGroup,5,0.109,5,88.46,0.52
1 user,ExcelGroup,7,0.152,7,0.14,0.81
1 user,PdfGenAgentGroup,10,0.217,10,154.68,0.36
1 user,DirectionAgentGroup,4,0.087,4,10.2,0.21
1 user,WordAgentGroup,2,0.043,2,0.08,0.26
1 user,ImageGenAgentGroup,3,0.065,3,20.38,0.16
1 user,CSVGeneratorAgentGroup,2,0.043,2,3.09,0.09
3 users,AgentNetworkPlannerGroup,104,0.852,104,14.65,0.48
3 users,PdfGenAgentGroup,15,0.123,15,57.56,0.23
3 users,WordAgentGroup,4,0.033,4,0.14,0.61
3 users,DirectionAgentGroup,8,0.066,8,4.16,0.23
3 users,ExcelGenGroup,15,0.123,15,25.19,0.2
3 users,PdfAgentGroup,17,0.139,17,15.1,0.77
3 users,CSVGeneratorAgentGroup,8,0.066,8,2.95,0.29
3 users,ExcelGroup,9,0.074,9,0.06,0.92
3 users,OCRParserGroup,9,0.074,18,11.66,0.94
3 users,WordGenerationAgentGroup,8,0.066,8,36.74,0.27
3 users,ImageGenAgentGroup,11,0.09,11,14.1,0.77
5 users,AgentNetworkPlannerGroup,148,0.855,148,189.08,0.7
5 users,OCRParserGroup,12,0.069,24,43.48,2.81
5 users,DirectionAgentGroup,19,0.11,19,15.91,1.15
5 users,WordGenerationAgentGroup,42,0.243,42,93.89,0.47
5 users,ImageGenAgentGroup,17,0.098,17,12.26,0.55
5 users,PdfGenAgentGroup,20,0.116,20,154.24,0.31
5 users,WordAgentGroup,15,0.087,15,0.08,0.32
5 users,ExcelGroup,23,0.133,23,0.1,0.85
5 users,ExcelGenGroup,19,0.11,19,75.64,0.52
5 users,CSVGeneratorAgentGroup,9,0.052,9,3.88,0.47
