load,service,trace_group,trace_invocations,trace_median_s,trace_p99_s,trace_cv,metric_nonnull_windows,metric_distinct_vals,metric_p99_median_s,metric_p50_median_s,metric_cv,coverage_ratio,mag_ratio_metricP99_over_traceP99
1 user,planner,AgentNetworkPlannerGroup,38,161.69,891.56,0.89,63,1,297.6,180.0,0.0,1.66,0.3
1 user,word-gen,WordGenerationAgentGroup,7,72.04,192.52,0.58,12,1,297.6,180.0,0.0,1.71,1.5
1 user,pdf-gen,PdfGenAgentGroup,10,137.56,295.42,0.36,9,1,297.6,180.0,0.0,0.9,1.0
1 user,direction,DirectionAgentGroup,4,10.3,13.05,0.21,12,2,44.75,32.5,0.33,3.0,3.4
1 user,ocr,OCRParserGroup,8,13.35,32.12,0.83,107,2,0.0,0.0,0.0,13.38,0.0
1 user,csv-gen,CSVGeneratorAgentGroup,2,3.09,3.36,0.09,6,2,44.75,32.5,0.33,3.0,13.3
1 user,image-gen,ImageGenAgentGroup,3,18.72,24.69,0.16,6,1,297.6,180.0,0.0,2.0,12.1
1 user,excel-gen,ExcelGenGroup,5,65.26,174.46,0.52,15,1,297.6,180.0,0.0,3.0,1.7
1 user,excel-parsing,ExcelGroup,7,0.1,0.37,0.81,12,2,177.45,52.5,0.66,1.71,476.6
1 user,word-parsing,WordAgentGroup,2,0.08,0.1,0.26,178,1,0.0,0.0,,89.0,0.0
3 users,planner,AgentNetworkPlannerGroup,104,11.59,36.96,0.48,75,8,59.5,35.0,0.96,0.72,1.6
3 users,word-gen,WordGenerationAgentGroup,8,37.85,50.84,0.27,39,5,0.01,0.01,1.7,4.88,0.0
3 users,pdf-gen,PdfGenAgentGroup,15,51.8,84.29,0.23,30,4,295.2,60.0,0.48,2.0,3.5
3 users,pdf-parsing,PdfAgentGroup,17,13.06,38.89,0.77,178,4,0.0,0.0,0.35,10.47,0.0
3 users,direction,DirectionAgentGroup,8,3.72,6.24,0.23,21,2,9.95,7.5,0.53,2.62,1.6
3 users,ocr,OCRParserGroup,18,8.04,38.13,0.94,21,4,59.7,45.0,0.95,1.17,1.6
3 users,csv-gen,CSVGeneratorAgentGroup,8,2.76,4.58,0.29,21,2,29.8,20.0,0.46,2.62,6.5
3 users,image-gen,ImageGenAgentGroup,11,11.92,43.03,0.77,30,3,59.7,45.0,0.75,2.73,1.4
3 users,excel-gen,ExcelGenGroup,15,25.78,37.46,0.2,30,4,59.55,37.5,1.39,2.0,1.6
3 users,excel-parsing,ExcelGroup,9,0.07,0.12,0.92,24,2,9.95,7.5,0.53,2.67,82.9
3 users,word-parsing,WordAgentGroup,4,0.13,0.25,0.61,12,1,9.95,7.5,0.0,3.0,39.7
5 users,planner,AgentNetworkPlannerGroup,148,164.14,744.69,0.7,177,14,297.6,180.0,0.86,1.2,0.4
5 users,word-gen,WordGenerationAgentGroup,42,86.68,227.03,0.47,87,2,297.6,180.0,0.18,2.07,1.3
5 users,pdf-gen,PdfGenAgentGroup,20,148.14,240.55,0.31,60,2,297.6,180.0,0.21,3.0,1.2
5 users,direction,DirectionAgentGroup,19,8.58,61.17,1.15,51,5,59.7,45.0,0.92,2.68,1.0
5 users,ocr,OCRParserGroup,24,8.48,497.61,2.81,30,2,297.6,180.0,0.26,1.25,0.6
5 users,csv-gen,CSVGeneratorAgentGroup,9,2.99,6.76,0.47,24,4,177.45,52.5,0.78,2.67,26.3
5 users,image-gen,ImageGenAgentGroup,17,10.19,23.99,0.55,57,3,297.6,180.0,0.45,3.35,12.4
5 users,excel-gen,ExcelGenGroup,19,63.19,186.64,0.52,48,2,297.6,180.0,0.2,2.53,1.6
5 users,excel-parsing,ExcelGroup,23,0.09,0.31,0.85,54,4,59.7,45.0,1.04,2.35,189.7
5 users,word-parsing,WordAgentGroup,15,0.06,0.12,0.32,39,3,59.7,45.0,0.24,2.6,515.7
