file,trace_id,level,node,time_s,status
E7563F278E004A0BB890379C6F56FC2B.json,E7563F278E004A0BB890379C6F56FC2B,4,OCRParserGroup/ocr_parser,371.105,2
C17F3D5DFC374BFB88FCF593E8FAC16D.json,C17F3D5DFC374BFB88FCF593E8FAC16D,4,OCRParserGroup/ocr_parser,274.955,2
8C919DB9E95E45E9B0A302CBF62390D8.json,8C919DB9E95E45E9B0A302CBF62390D8,3,OCRParserGroup/ocr_tool,66.273,2
3FC9B95D6D82498588DC46EE27360DA0.json,3FC9B95D6D82498588DC46EE27360DA0,4,OCRParserGroup/ocr_parser,53.864,2
8C919DB9E95E45E9B0A302CBF62390D8.json,8C919DB9E95E45E9B0A302CBF62390D8,4,OCRParserGroup/ocr_parser,48.425,2
361BCA4692BB49AFA5FF38A2EE285268.json,361BCA4692BB49AFA5FF38A2EE285268,3,OCRParserGroup/ocr_tool,37.75,2
361BCA4692BB49AFA5FF38A2EE285268.json,361BCA4692BB49AFA5FF38A2EE285268,4,OCRParserGroup/ocr_parser,36.968,2
DCD22A117F354A64888A04A5FB0D92AB.json,DCD22A117F354A64888A04A5FB0D92AB,4,OCRParserGroup/ocr_parser,25.855,2
101A9CC1C14B44BFB783A73272410D90.json,101A9CC1C14B44BFB783A73272410D90,4,OCRParserGroup/ocr_parser,22.159,2
0B97E8107DA64E78B9BF4103A14E7F2E.json,0B97E8107DA64E78B9BF4103A14E7F2E,4,OCRParserGroup/ocr_parser,20.392,2
8A71B1C78E724AC087BA7EBA0C0F26B2.json,8A71B1C78E724AC087BA7EBA0C0F26B2,4,OCRParserGroup/ocr_parser,16.693,2
DEDD2D0A23A74C5EA242DF3B2C03A9A6.json,DEDD2D0A23A74C5EA242DF3B2C03A9A6,4,OCRParserGroup/ocr_parser,15.552,2
71EAC27CFA44439385FF092726A529AD.json,71EAC27CFA44439385FF092726A529AD,4,OCRParserGroup/ocr_parser,15.045,2
8A67B525F7EF41DFBB3E48F53511167B.json,8A67B525F7EF41DFBB3E48F53511167B,4,OCRParserGroup/ocr_parser,12.782,2
E2E8973D86E74F518D73BF10FAFC371B.json,E2E8973D86E74F518D73BF10FAFC371B,4,OCRParserGroup/ocr_parser,11.216,2
EBD2A064C12647E2B86CC3E39EE209F0.json,EBD2A064C12647E2B86CC3E39EE209F0,4,OCRParserGroup/ocr_parser,10.153,2
2B310F3DAC374FD9807A40EDA5FC79D4.json,2B310F3DAC374FD9807A40EDA5FC79D4,4,OCRParserGroup/ocr_parser,10.131,2
943D972FA4DF456F93CF0217B3E60222.json,943D972FA4DF456F93CF0217B3E60222,4,OCRParserGroup/ocr_parser,9.497,2
938EFF0EB89E4920BD22EF910CD2AA38.json,938EFF0EB89E4920BD22EF910CD2AA38,4,OCRParserGroup/ocr_parser,9.271,2
C3EED9017C5542E7B4BF0844B0F1E173.json,C3EED9017C5542E7B4BF0844B0F1E173,4,OCRParserGroup/ocr_parser,9.154,2
E3D2A57FF8874CF7BACA3973FA508FCA.json,E3D2A57FF8874CF7BACA3973FA508FCA,4,OCRParserGroup/ocr_parser,6.779,2
C17F3D5DFC374BFB88FCF593E8FAC16D.json,C17F3D5DFC374BFB88FCF593E8FAC16D,3,OCRParserGroup/ocr_tool,6.3,2
72885CA5DF3B41C689A9364EE37F69FA.json,72885CA5DF3B41C689A9364EE37F69FA,4,OCRParserGroup/ocr_parser,6.209,2
943D972FA4DF456F93CF0217B3E60222.json,943D972FA4DF456F93CF0217B3E60222,3,OCRParserGroup/ocr_tool,6.127,2
0795E7208A6B449AA27858BEFD7EC69C.json,0795E7208A6B449AA27858BEFD7EC69C,4,OCRParserGroup/ocr_parser,6.087,2
8A67B525F7EF41DFBB3E48F53511167B.json,8A67B525F7EF41DFBB3E48F53511167B,3,OCRParserGroup/ocr_tool,5.048,2
E2E8973D86E74F518D73BF10FAFC371B.json,E2E8973D86E74F518D73BF10FAFC371B,3,OCRParserGroup/ocr_tool,4.08,2
0795E7208A6B449AA27858BEFD7EC69C.json,0795E7208A6B449AA27858BEFD7EC69C,3,OCRParserGroup/ocr_tool,3.97,2
E3D2A57FF8874CF7BACA3973FA508FCA.json,E3D2A57FF8874CF7BACA3973FA508FCA,3,OCRParserGroup/ocr_tool,2.836,2
DCD22A117F354A64888A04A5FB0D92AB.json,DCD22A117F354A64888A04A5FB0D92AB,3,OCRParserGroup/ocr_tool,2.529,2
C3EED9017C5542E7B4BF0844B0F1E173.json,C3EED9017C5542E7B4BF0844B0F1E173,3,OCRParserGroup/ocr_tool,2.503,2
8A71B1C78E724AC087BA7EBA0C0F26B2.json,8A71B1C78E724AC087BA7EBA0C0F26B2,3,OCRParserGroup/ocr_tool,2.387,2
EBD2A064C12647E2B86CC3E39EE209F0.json,EBD2A064C12647E2B86CC3E39EE209F0,3,OCRParserGroup/ocr_tool,2.237,2
3FC9B95D6D82498588DC46EE27360DA0.json,3FC9B95D6D82498588DC46EE27360DA0,3,OCRParserGroup/ocr_tool,2.166,2
71EAC27CFA44439385FF092726A529AD.json,71EAC27CFA44439385FF092726A529AD,3,OCRParserGroup/ocr_tool,2.138,2
0B97E8107DA64E78B9BF4103A14E7F2E.json,0B97E8107DA64E78B9BF4103A14E7F2E,3,OCRParserGroup/ocr_tool,1.869,2
E7563F278E004A0BB890379C6F56FC2B.json,E7563F278E004A0BB890379C6F56FC2B,3,OCRParserGroup/ocr_tool,1.831,2
DEDD2D0A23A74C5EA242DF3B2C03A9A6.json,DEDD2D0A23A74C5EA242DF3B2C03A9A6,3,OCRParserGroup/ocr_tool,1.794,2
938EFF0EB89E4920BD22EF910CD2AA38.json,938EFF0EB89E4920BD22EF910CD2AA38,3,OCRParserGroup/ocr_tool,1.718,2
2B310F3DAC374FD9807A40EDA5FC79D4.json,2B310F3DAC374FD9807A40EDA5FC79D4,3,OCRParserGroup/ocr_tool,1.492,2
72885CA5DF3B41C689A9364EE37F69FA.json,72885CA5DF3B41C689A9364EE37F69FA,3,OCRParserGroup/ocr_tool,1.482,2
101A9CC1C14B44BFB783A73272410D90.json,101A9CC1C14B44BFB783A73272410D90,3,OCRParserGroup/ocr_tool,1.456,2
