run,service,replicas,lat_p99_nonnull%
1 user single,planner,1,34.8
1 user single,csv-gen,1,3.3
1 user single,excel-parsing,1,6.6
1 user single,word-gen,1,6.6
1 user single,word-parsing,1,98.3
1 user single,ocr,1,59.1
1 user single,summarizer,1,31.5
1 user multi,planner,2,31.5
1 user multi,csv-gen,2,5.0
1 user multi,excel-parsing,2,9.9
1 user multi,word-gen,2,55.8
1 user multi,word-parsing,2,3.3
1 user multi,ocr,1,1.7
1 user multi,summarizer,1,28.2
3 users single,planner,1,31.1
3 users single,csv-gen,1,8.7
3 users single,excel-parsing,1,10.0
3 users single,word-gen,1,16.2
3 users single,word-parsing,1,5.0
3 users single,ocr,1,8.7
3 users single,summarizer,1,29.9
3 users multi,planner,2,26.6
3 users multi,csv-gen,2,8.3
3 users multi,excel-parsing,2,10.4
3 users multi,word-gen,2,18.3
3 users multi,word-parsing,2,9.5
3 users multi,ocr,1,7.5
3 users multi,summarizer,1,29.9
5 users single,planner,1,49.0
5 users single,csv-gen,1,6.6
5 users single,excel-parsing,1,15.0
5 users single,word-gen,1,24.1
5 users single,word-parsing,1,10.8
5 users single,ocr,1,8.3
5 users single,summarizer,1,52.6
5 users multi,planner,2,31.9
5 users multi,csv-gen,2,4.3
5 users multi,excel-parsing,2,15.9
5 users multi,word-gen,2,19.9
5 users multi,word-parsing,2,9.3
5 users multi,ocr,1,12.0
5 users multi,summarizer,1,28.9
