load,metric,median_CV,p90_CV,max_CV,frac_CV>0.5,frac_CV>1
1 user,CPU,0.24,0.7,1.09,0.23,0.08
1 user,Memory,0.02,0.09,0.09,0.0,0.0
1 user,Net recv,0.28,1.18,3.75,0.23,0.15
1 user,Latency p99,0.17,1.04,4.12,0.3,0.1
1 user,Latency p50,0.07,0.79,4.12,0.1,0.1
3 users,CPU,0.63,1.54,1.59,0.62,0.38
3 users,Memory,0.01,0.04,0.47,0.0,0.0
3 users,Net recv,0.33,1.18,1.55,0.31,0.15
3 users,Latency p99,0.79,1.69,2.14,0.75,0.25
3 users,Latency p50,0.67,1.55,2.18,0.58,0.25
5 users,CPU,0.25,1.02,1.53,0.31,0.15
5 users,Memory,0.04,0.17,0.19,0.0,0.0
5 users,Net recv,0.35,0.78,1.32,0.15,0.08
5 users,Latency p99,0.45,0.93,1.05,0.45,0.09
5 users,Latency p50,0.39,0.93,0.96,0.36,0.0
