timestamp,vCPU,memory
2023-09-25 02:06:39,0.10840165352214216,19.704117884977233
2023-09-25 02:06:44,0.10490009113753988,20.36649514814148
2023-09-25 02:06:49,0.10852835566310527,21.535769102816516
2023-09-25 02:06:54,0.10541025579300659,20.226132810572533
2023-09-25 02:06:59,0.10369388882714706,18.762803820648045
2023-09-25 02:07:04,0.10542369535656891,19.69784122702621
2023-09-25 02:07:09,0.10642095696756611,21.553780562379732
2023-09-25 02:07:14,0.11249503685504839,27.701367817274868
2023-09-25 02:07:19,0.11312032279250536,34.022023049392324
2023-09-25 02:07:24,0.11050888947993574,33.0506830884408
2023-09-25 02:07:29,0.10882216714645822,38.483715380196834
2023-09-25 02:07:34,0.10883082277155008,36.68248607574822
2023-09-25 02:07:39,0.1075574586069339,36.50218110404906
2023-09-25 02:07:44,0.11073162243714366,35.74298165319716
2023-09-25 02:07:49,0.11246850488034474,39.119380118248564
2023-09-25 02:07:54,0.10998000023353131,32.983151518257095
2023-09-25 02:07:59,0.10438921382825724,29.440183665176527
2023-09-25 02:08:04,0.10308918217281429,29.38824644137602
2023-09-25 02:08:09,0.10341501698832738,32.14665084964623
2023-09-25 02:08:14,0.1035033141818134,35.910871949908866
2023-09-25 02:08:19,0.10507234352125591,33.10181432975781
2023-09-25 02:08:24,0.10711310484063552,34.737008490950856
2023-09-25 02:08:29,0.10374186255392169,33.94569788190353
2023-09-25 02:08:34,0.10335582341449331,34.36121949120841
2023-09-25 02:08:39,0.09903948639698527,28.76120996396407
2023-09-25 02:08:44,0.0943156648790479,27.048014305495435
2023-09-25 02:08:49,0.09866416092552799,24.146687707471973
2023-09-25 02:08:54,0.10332361180883341,22.63015709337799
2023-09-25 02:08:59,0.1017793334382553,27.074560224801083
2023-09-25 02:09:04,0.10311464209636212,24.611522843233992
2023-09-25 02:09:09,0.10517366370708478,24.422690597347994
2023-09-25 02:09:14,0.10433412344296497,25.023057821781958
2023-09-25 02:09:19,0.10473552081813801,23.289411268433398
2023-09-25 02:09:24,0.11451838964620562,25.162895910044753
2023-09-25 02:09:29,0.1225179615367237,28.266108660114813
2023-09-25 02:09:34,0.14771647140952038,28.29912728504766
2023-09-25 02:09:39,0.1763632063672716,26.952212907206246
2023-09-25 02:09:44,0.1857959971195992,26.020519763703476
2023-09-25 02:09:49,0.21049164439917323,23.959237897025687
2023-09-25 02:09:54,0.24739630071833668,27.203924958029518
2023-09-25 02:09:59,0.269369907351336,27.206368116501555
2023-09-25 02:10:04,0.2796402872528827,30.534521520507006
2023-09-25 02:10:09,0.27801731325355206,33.55996565821512
2023-09-25 02:10:14,0.27513147345862315,30.03961870559465
2023-09-25 02:10:19,0.2797346172256343,28.61087134076081
2023-09-25 02:10:24,0.27686745628387144,27.04707774276432
2023-09-25 02:10:29,0.27548319731431925,31.714914366960006
2023-09-25 02:10:34,0.2775292008409806,30.598025697995432
2023-09-25 02:10:39,0.2668732716569992,28.862008892620686
2023-09-25 02:10:44,0.250472051335769,24.77008428254786
2023-09-25 02:10:49,0.26328501818841693,25.804369898336574
2023-09-25 02:10:54,0.2657041321813116,27.981313662424924
2023-09-25 02:10:59,0.25889613777330855,28.54822726872294
2023-09-25 02:11:04,0.25752192741215557,32.74390713891192
2023-09-25 02:11:09,0.25434889403132194,33.67146788280798
2023-09-25 02:11:14,0.24648792193516417,31.572876895081734
2023-09-25 02:11:19,0.2458525748886719,32.56600528928041
2023-09-25 02:11:24,0.24141160735827974,31.28586690915275
2023-09-25 02:11:29,0.24465741490234755,30.754541104117713
2023-09-25 02:11:34,0.2502835829392034,32.32533218214243
2023-09-25 02:11:39,0.264377764903308,32.629353742635445
2023-09-25 02:11:44,0.27166526836156324,25.75271238237186
2023-09-25 02:11:49,0.2801160003850799,33.84942349148283
2023-09-25 02:11:54,0.2858588732763139,38.520805813083236
2023-09-25 02:11:59,0.27932412266505513,35.21779891722113
2023-09-25 02:12:04,0.29650805909349126,35.525355021915125
2023-09-25 02:12:09,0.30268386598400837,38.33558670276856
2023-09-25 02:12:14,0.3059549907690233,39.10281506375159
2023-09-25 02:12:19,0.2977201126828328,35.73947864955365
2023-09-25 02:12:24,0.2856731362295858,31.94928398163571
2023-09-25 02:12:29,0.2831318949810873,35.11430300862003
2023-09-25 02:12:34,0.28417432148275906,33.36742024683129
2023-09-25 02:12:39,0.28435949042709635,30.160637254102937
2023-09-25 02:12:44,0.27751064573999906,29.171822505247142
2023-09-25 02:12:49,0.27547341724379787,25.86533203715812
2023-09-25 02:12:54,0.2718363445325795,20.780341007563138
2023-09-25 02:12:59,0.2659753833261586,24.171488195313316
2023-09-25 02:13:04,0.25745278007036615,26.79932822292801
2023-09-25 02:13:09,0.2747646569583718,30.22834014428756
2023-09-25 02:13:14,0.2752822159107442,31.995635523849124
2023-09-25 02:13:19,0.2700995120196921,32.26997329151198
2023-09-25 02:13:24,0.2767343697434497,33.850972113223754
2023-09-25 02:13:29,0.2775228151598487,39.72131389758043
2023-09-25 02:13:34,0.2788394644079967,43.936101937398746
2023-09-25 02:13:39,0.2683996062532301,41.91843047306098
2023-09-25 02:13:44,0.26538268878553445,43.21644718424246
2023-09-25 02:13:49,0.28005830150695116,41.464081240243196
2023-09-25 02:13:54,0.2812336830917951,35.98214493262972
2023-09-25 02:13:59,0.27472527838803135,37.1817741867932
2023-09-25 02:14:04,0.28499201340261365,32.73211818488518
2023-09-25 02:14:09,0.2864129312539533,32.92601322648269
2023-09-25 02:14:14,0.2867215983872078,26.10078627356797
2023-09-25 02:14:19,0.28070354203835535,26.8371044161583
2023-09-25 02:14:24,0.2792982737872452,28.177158428624367
2023-09-25 02:14:29,0.28048669587175884,26.585989272240916
2023-09-25 02:14:34,0.286398637653466,28.977718882451022
2023-09-25 02:14:39,0.27590455285528576,25.577466516668068
2023-09-25 02:14:44,0.281607004487092,23.92605247289039
2023-09-25 02:14:49,0.2750584950199695,24.739462063993912
2023-09-25 02:14:54,0.27348481765133875,22.560726962340166
2023-09-25 02:14:59,0.27660522172908986,21.223094556907657
2023-09-25 02:15:04,0.2881270287722756,18.358756496280165
2023-09-25 02:15:09,0.28435753388596474,22.128936850330625
2023-09-25 02:15:14,0.28843261072901843,30.267594808815552
2023-09-25 02:15:19,0.28667785935193024,34.630738674096
2023-09-25 02:15:24,0.2912176034811953,40.19620630712049
2023-09-25 02:15:29,0.2939763760884673,35.237226911847294
2023-09-25 02:15:34,0.2870026909914164,40.39582981078993
2023-09-25 02:15:39,0.2841236878226424,41.35220049786799
2023-09-25 02:15:44,0.2803783786415353,38.36782844417561
2023-09-25 02:15:49,0.2815833150165161,37.913378589276206
2023-09-25 02:15:54,0.28055322590750476,31.24857864709616
2023-09-25 02:15:59,0.28227170798954787,29.52370798683014
2023-09-25 02:16:04,0.2901388324461292,30.21750024112647
2023-09-25 02:16:09,0.28254853104865263,26.421297017641805
2023-09-25 02:16:14,0.28032790597572826,28.871270908296765
2023-09-25 02:16:19,0.2801281769523224,22.983906869231415
2023-09-25 02:16:24,0.2735476069438395,25.10234632900451
2023-09-25 02:16:29,0.27123816288962227,28.38948574412152
2023-09-25 02:16:34,0.2722525414309247,27.379419218542047
2023-09-25 02:16:39,0.26565194428623706,29.850014535986922
timestamp,vCPU,memory
2023-09-25 02:16:39,0.26565194428623706,29.850014535986922
2023-09-25 02:16:44,0.2631428634901267,32.67697901293296
2023-09-25 02:16:49,0.2659760779204401,31.51802548728762
2023-09-25 02:16:54,0.2551173337858957,30.330981044912484
2023-09-25 02:16:59,0.24708042671213082,30.88589245510108
2023-09-25 02:17:04,0.25573062824511833,35.101214530567866
2023-09-25 02:17:09,0.2659565672726565,34.71367218864841
2023-09-25 02:17:14,0.261877303041922,31.445702326070613
2023-09-25 02:17:19,0.2796609047857513,27.04354884068437
2023-09-25 02:17:24,0.2908232498604251,27.28436763192393
2023-09-25 02:17:29,0.29353335994155866,30.122716365105102
2023-09-25 02:17:34,0.29492605193227606,30.543552075954874
2023-09-25 02:17:39,0.2764791602802232,29.10464483486927
2023-09-25 02:17:44,0.28045727546935295,29.724935368249266
2023-09-25 02:17:49,0.2885069664233964,28.522754961649433
2023-09-25 02:17:54,0.28614277623979617,27.231982649985685
2023-09-25 02:17:59,0.26036503608337963,27.180296486404465
2023-09-25 02:18:04,0.2526314118244042,27.51658342514907
2023-09-25 02:18:09,0.2439934078761329,28.39073253401401
2023-09-25 02:18:14,0.2361561068856534,27.877327710698935
2023-09-25 02:18:19,0.22883096574970496,28.250869977552316
2023-09-25 02:18:24,0.23278957550141202,25.627230252529213
2023-09-25 02:18:29,0.2528289789874414,27.396591013963967
2023-09-25 02:18:34,0.25952133234107544,29.834252131949384
2023-09-25 02:18:39,0.2547611477800614,31.30455781070337
2023-09-25 02:18:44,0.2511974689939439,35.28748673009425
2023-09-25 02:18:49,0.2531842848072542,37.691590595210435
2023-09-25 02:18:54,0.2520768560409328,35.7603281605798
2023-09-25 02:18:59,0.2537720835950113,39.91105105736876
2023-09-25 02:19:04,0.27641211095591817,38.96732874005239
2023-09-25 02:19:09,0.28671120051931875,36.30416445512839
2023-09-25 02:19:14,0.2774736259229107,36.542956252994294
2023-09-25 02:19:19,0.27302013299553646,33.82728576923148
2023-09-25 02:19:24,0.27793498046183823,34.669041326616956
2023-09-25 02:19:29,0.27110344231827493,33.150999150032675
2023-09-25 02:19:34,0.28064619035450256,34.998870024408774
2023-09-25 02:19:39,0.2836424126688934,33.276176871389694
2023-09-25 02:19:44,0.274661902381603,40.16824716345236
2023-09-25 02:19:49,0.2784549725609781,39.41011866755689
2023-09-25 02:19:54,0.2712793946742026,36.06972118430729
2023-09-25 02:19:59,0.27730423034177115,35.882983105293846
2023-09-25 02:20:04,0.2752202370137903,33.045192437777686
2023-09-25 02:20:09,0.2681227445323097,34.05862175343535
2023-09-25 02:20:14,0.2637863875480039,32.29440927321897
2023-09-25 02:20:19,0.2634508287556371,28.890583109605842
2023-09-25 02:20:24,0.27563131687447007,31.359535823156488
2023-09-25 02:20:29,0.27410903153060906,27.07473891880885
2023-09-25 02:20:34,0.2699840265971293,25.827194274064837
2023-09-25 02:20:39,0.27117767716244046,26.537487610058403
2023-09-25 02:20:44,0.2754656145452291,27.702363250975463
2023-09-25 02:20:49,0.277993019471951,25.974882853563333
2023-09-25 02:20:54,0.26754146915986676,23.140141998734155
2023-09-25 02:20:59,0.2659970280735876,24.256145014076413
2023-09-25 02:21:04,0.2736628680429395,21.46984053636706
2023-09-25 02:21:09,0.27843610002971797,23.00656394504324
2023-09-25 02:21:14,0.2722081143118302,23.054959557800554
2023-09-25 02:21:19,0.2684864619679234,24.291407503119054
2023-09-25 02:21:24,0.27892519643244335,28.858805229128613
2023-09-25 02:21:29,0.27258815139086096,27.899560601682097
2023-09-25 02:21:34,0.27096794243268957,33.02704993348871
2023-09-25 02:21:39,0.2711753036726322,30.006550662172355
2023-09-25 02:21:44,0.27309518154876733,29.783536034816134
2023-09-25 02:21:49,0.276262877270546,28.18190528003005
2023-09-25 02:21:54,0.27631125884304963,29.925706894732635
2023-09-25 02:21:59,0.27027054107384074,28.31379395619268
2023-09-25 02:22:04,0.27179680836348896,28.744763550850084
2023-09-25 02:22:09,0.264664093312978,26.185717041564487
2023-09-25 02:22:14,0.2656437408815027,28.42238238766802
2023-09-25 02:22:19,0.2638911656790378,28.182216506336125
2023-09-25 02:22:24,0.27082741413831285,33.096287634303955
2023-09-25 02:22:29,0.2742731846788654,34.53249106951683
2023-09-25 02:22:34,0.2782904065052479,33.75766192884289
2023-09-25 02:22:39,0.2805642455314222,32.97360445885104
2023-09-25 02:22:44,0.28875125100338755,29.19308296173744
2023-09-25 02:22:49,0.305536183294192,31.635760771925295
2023-09-25 02:22:54,0.30365396493791985,29.248068920943833
2023-09-25 02:22:59,0.30161519775981127,24.74893828742668
2023-09-25 02:23:04,0.3125244564773931,23.369913340954483
2023-09-25 02:23:09,0.3006184648909813,22.36494894699559
2023-09-25 02:23:14,0.2994110849310121,20.712627771180706
2023-09-25 02:23:19,0.30613143416449884,23.752662704902917
2023-09-25 02:23:24,0.29164542237969493,25.505668404800602
2023-09-25 02:23:29,0.2790288303797419,24.069467956470007
2023-09-25 02:23:34,0.27363467519839785,22.16179512620704
2023-09-25 02:23:39,0.26585496475318793,21.5646929345143
2023-09-25 02:23:44,0.2644306254568396,24.67136872446814
2023-09-25 02:23:49,0.2623921431932972,25.163557895041457
2023-09-25 02:23:54,0.2695862798203238,24.16287391329266
2023-09-25 02:23:59,0.262546174518958,23.52648565900849
2023-09-25 02:24:04,0.27085121257940953,24.682072946071607
2023-09-25 02:24:09,0.258316731047921,27.764401282799124
2023-09-25 02:24:14,0.26093021024935115,27.89778128920991
2023-09-25 02:24:19,0.26442248511344024,32.0713257827636
2023-09-25 02:24:24,0.2672927797425006,27.7934088954392
2023-09-25 02:24:29,0.2688891866675098,29.76929475959261
2023-09-25 02:24:34,0.27238330585831044,28.326190100362904
2023-09-25 02:24:39,0.2807681391182062,30.316592550346762
2023-09-25 02:24:44,0.28183369113221163,29.36171872952765
2023-09-25 02:24:49,0.2893760254354696,31.06766617200602
2023-09-25 02:24:54,0.2930088598129207,33.177126790087655
2023-09-25 02:24:59,0.29005748677247967,30.461270163832236
2023-09-25 02:25:04,0.3002527906996562,24.53454263932768
2023-09-25 02:25:09,0.29791797014290766,22.57629547898111
2023-09-25 02:25:14,0.2954665356723847,25.911892198742787
2023-09-25 02:25:19,0.2947845515829152,26.110442817373944
2023-09-25 02:25:24,0.29827578773804087,25.540600854307215
2023-09-25 02:25:29,0.29790453726742205,22.03715143180669
2023-09-25 02:25:34,0.2944091203794358,19.451545977865266
2023-09-25 02:25:39,0.28944754589832944,19.36485016196632
2023-09-25 02:25:44,0.2783468502867117,22.722420738866774
2023-09-25 02:25:49,0.27833875229091104,22.503456722108385
2023-09-25 02:25:54,0.2710518269821849,21.598654911060862
2023-09-25 02:25:59,0.26102173367630144,20.995209858094903
2023-09-25 02:26:04,0.2671942088538072,19.331788318235812
2023-09-25 02:26:09,0.2712051806492372,22.500424568833637
2023-09-25 02:26:14,0.27074443180101665,27.734201299801732
2023-09-25 02:26:19,0.2786320565595626,32.785263440282954
2023-09-25 02:26:24,0.27312726085720584,27.410257009303958
2023-09-25 02:26:29,0.26670539223312173,28.60094494148193
2023-09-25 02:26:34,0.27995681356195484,28.596927232634883
2023-09-25 02:26:39,0.2683093776690043,31.426374966910743
timestamp,vCPU,memory
2023-09-25 02:26:39,0.2683093776690043,31.426374966910743
2023-09-25 02:26:44,0.27444401068953345,34.63606700494829
2023-09-25 02:26:49,0.26946495570619644,33.19857653405337
2023-09-25 02:26:54,0.2716006067300179,28.149192429713064
2023-09-25 02:26:59,0.2722035526884313,27.540833338639906
2023-09-25 02:27:04,0.2836648878747942,33.09249935698007
2023-09-25 02:27:09,0.28218774448600126,33.58174048534782
2023-09-25 02:27:14,0.2728068483542929,31.22810828395487
2023-09-25 02:27:19,0.28433363728966915,26.689390539668747
2023-09-25 02:27:24,0.2753190593960664,28.11666285823351
2023-09-25 02:27:29,0.2819649361027135,28.61315583162983
2023-09-25 02:27:34,0.2974481061009069,28.84062783390885
2023-09-25 02:27:39,0.30462603078423,31.18634146981061
2023-09-25 02:27:44,0.2949600959294238,29.85531805057269
2023-09-25 02:27:49,0.3047808943173517,30.560127139263322
2023-09-25 02:27:54,0.30325812881113273,30.44652177483997
2023-09-25 02:27:59,0.29091712547247206,33.25157423257678
2023-09-25 02:28:04,0.2942600170688299,30.043437005861364
2023-09-25 02:28:09,0.27155908203739004,36.084882316043576
2023-09-25 02:28:14,0.27874867829135086,39.30588611514998
2023-09-25 02:28:19,0.2796558851681977,37.24477614371668
2023-09-25 02:28:24,0.2745815684941931,29.581177502146886
2023-09-25 02:28:29,0.2764447806077085,30.17059576338701
2023-09-25 02:28:34,0.27157125309459873,32.56079635421369
2023-09-25 02:28:39,0.27446029390820675,36.18581201125497
2023-09-25 02:28:44,0.26597091757491914,33.2568284753423
2023-09-25 02:28:49,0.28281704148879183,32.35596663156608
2023-09-25 02:28:54,0.288890768986857,34.2509376997625
2023-09-25 02:28:59,0.29104148294258303,36.510932275374756
2023-09-25 02:29:04,0.27702790627593904,33.89501807202971
2023-09-25 02:29:09,0.2908670503251165,33.37287192525503
2023-09-25 02:29:14,0.28383333127756255,29.680269838416528
2023-09-25 02:29:19,0.29200254595077424,24.104072979665922
2023-09-25 02:29:24,0.29211996787998734,25.923380788149544
2023-09-25 02:29:29,0.2716316589340422,23.11828934905062
2023-09-25 02:29:34,0.2711464611454928,27.029846113726414
2023-09-25 02:29:39,0.27945635784247896,26.06891349371769
2023-09-25 02:29:44,0.27723091063754474,22.938476505591616
2023-09-25 02:29:49,0.2702292943305034,23.816535127640385
2023-09-25 02:29:54,0.2786390851068698,27.471309754640032
2023-09-25 02:29:59,0.260170884235118,29.721861495078713
2023-09-25 02:30:04,0.26939913715641356,28.95885671036184
2023-09-25 02:30:09,0.2606378594503225,26.46024773903089
2023-09-25 02:30:14,0.26760362079641453,24.698929397465566
2023-09-25 02:30:19,0.2756897072064572,24.777505512793642
2023-09-25 02:30:24,0.2780051397718928,26.247886227629778
2023-09-25 02:30:29,0.2807050341376888,27.43103283321687
2023-09-25 02:30:34,0.2809964396346785,24.63137053776175
2023-09-25 02:30:39,0.28193343556442163,26.962874441092314
2023-09-25 02:30:44,0.2602557377834934,23.375196385196215
2023-09-25 02:30:49,0.26764810260970584,27.294868662205253
2023-09-25 02:30:54,0.2683178623238896,30.082069253679528
2023-09-25 02:30:59,0.2725698342232504,26.201652157097193
2023-09-25 02:31:04,0.27371005799816844,24.050701278008447
2023-09-25 02:31:09,0.26991122078603946,23.027924557552275
2023-09-25 02:31:14,0.27460389462491724,24.158200804824432
2023-09-25 02:31:19,0.2755025176433645,27.505641347550462
2023-09-25 02:31:24,0.276734235295868,24.690976718109255
2023-09-25 02:31:29,0.2754313179274268,27.545405316235918
2023-09-25 02:31:34,0.2823601522750129,28.857359025695875
2023-09-25 02:31:39,0.2716260860212994,29.078294314009767
2023-09-25 02:31:44,0.2634529974073774,30.810739986422078
2023-09-25 02:31:49,0.2666092516407763,31.24264085444125
2023-09-25 02:31:54,0.2662663823513241,33.60027050401646
2023-09-25 02:31:59,0.27717505623492117,36.350348167777426
2023-09-25 02:32:04,0.29046116463508975,32.15187986116428
2023-09-25 02:32:09,0.2844003067288239,32.57620342188334
2023-09-25 02:32:14,0.29472799822326257,29.98811750756779
2023-09-25 02:32:19,0.290203457897523,28.22408632395701
2023-09-25 02:32:24,0.2799548320214804,24.9404757586758
2023-09-25 02:32:29,0.2796821462452715,29.437485381754282
2023-09-25 02:32:34,0.2896037676404099,26.49790088773641
2023-09-25 02:32:39,0.27265154765181737,23.275321071404846
2023-09-25 02:32:44,0.2667322923280646,24.088980929815495
2023-09-25 02:32:49,0.268319028358563,24.745979944936522
2023-09-25 02:32:54,0.2709756346964867,28.853444125005655
2023-09-25 02:32:59,0.26771966180651147,30.625406253016255
2023-09-25 02:33:04,0.2588244496526477,31.805170737815562
2023-09-25 02:33:09,0.2607191758955142,34.07662162195142
2023-09-25 02:33:14,0.262123213242883,33.828952228112
2023-09-25 02:33:19,0.27111626218974155,35.06500134493888
2023-09-25 02:33:24,0.2739554732487685,32.18269982256816
2023-09-25 02:33:29,0.27194233971096365,36.105673766943745
2023-09-25 02:33:34,0.2679979697944299,33.58865036222912
2023-09-25 02:33:39,0.2662098767641571,35.016970704009566
2023-09-25 02:33:44,0.2680218341711594,38.1645574628406
2023-09-25 02:33:49,0.27938559488638126,38.5405146907206
2023-09-25 02:33:54,0.27390817286511215,34.49697986156222
2023-09-25 02:33:59,0.26370119334188513,32.5451954071113
2023-09-25 02:34:04,0.270480117897013,31.709784222144158
2023-09-25 02:34:09,0.2743680861856513,28.766678124580746
2023-09-25 02:34:14,0.27443222606175705,27.963298733935925
2023-09-25 02:34:19,0.28278572217169523,27.368345473096873
2023-09-25 02:34:24,0.2863136436312494,23.38011561917262
2023-09-25 02:34:29,0.2799610936604591,25.637907714670717
2023-09-25 02:34:34,0.29468353703149475,24.506831234101192
2023-09-25 02:34:39,0.2968281556516523,25.536220948740112
2023-09-25 02:34:44,0.28888314073585775,25.0209979126464
2023-09-25 02:34:49,0.2939125364759035,28.900694679817295
2023-09-25 02:34:54,0.2877012983728527,27.83802422449356
2023-09-25 02:34:59,0.27484713134889743,22.07470991245109
2023-09-25 02:35:04,0.28768454036224544,30.654281733601664
2023-09-25 02:35:09,0.2844965715539472,28.845864478956965
2023-09-25 02:35:14,0.2868636098303772,24.36963307466921
2023-09-25 02:35:19,0.29593603198916263,28.95593252712138
2023-09-25 02:35:24,0.2946918505493626,29.145034289246755
2023-09-25 02:35:29,0.29275790569209736,29.752062145478483
2023-09-25 02:35:34,0.28421969878396874,28.393957079496182
2023-09-25 02:35:39,0.28412326035316066,31.563728354492753
2023-09-25 02:35:44,0.28092363464203846,30.172026682522112
2023-09-25 02:35:49,0.2798318835818905,34.856500048733416
2023-09-25 02:35:54,0.2807265071460061,32.72474782855631
2023-09-25 02:35:59,0.27757951936846526,35.02785036999296
2023-09-25 02:36:04,0.2795699019147283,36.247604936354946
2023-09-25 02:36:09,0.28697838875833864,33.618635803796074
2023-09-25 02:36:14,0.278274794863361,32.11310791768492
2023-09-25 02:36:19,0.28164366582742156,35.45101567197751
2023-09-25 02:36:24,0.28305175572574265,36.1520868070811
2023-09-25 02:36:29,0.28263225708199136,34.01533244943414
2023-09-25 02:36:34,0.2881312269193061,32.893214136052976
2023-09-25 02:36:39,0.27788729756645014,32.53932412514429
timestamp,vCPU,memory
2023-09-25 02:36:39,0.27788729756645014,32.53932412514429
2023-09-25 02:36:44,0.2614827096425253,32.127324835808416
2023-09-25 02:36:49,0.2782291012283274,34.432595479894566
2023-09-25 02:36:54,0.2761569460806447,32.954506260536355
2023-09-25 02:36:59,0.27223358882501286,32.69786581257959
2023-09-25 02:37:04,0.2723484120966386,29.68114697687882
2023-09-25 02:37:09,0.26838298753527784,34.7384276348087
2023-09-25 02:37:14,0.26493995670513437,34.57170566354266
2023-09-25 02:37:19,0.2700914817695168,36.61004380023354
2023-09-25 02:37:24,0.2606323276520526,42.240609461774234
2023-09-25 02:37:29,0.26056300344095584,37.035875411346424
2023-09-25 02:37:34,0.2838465947371176,43.245172208145576
2023-09-25 02:37:39,0.2962560289340483,39.75114213965741
2023-09-25 02:37:44,0.29814133011127036,37.768376442325234
2023-09-25 02:37:49,0.29995333119569406,36.98359807666786
2023-09-25 02:37:54,0.29102100320328095,37.038409957960404
2023-09-25 02:37:59,0.2966193968367016,35.826024307147
2023-09-25 02:38:04,0.3092710182426851,37.62584639776246
2023-09-25 02:38:09,0.30685240070560493,31.310009936657117
2023-09-25 02:38:14,0.3018072660526926,27.03770339660648
2023-09-25 02:38:19,0.3020158224729703,30.632420007269744
2023-09-25 02:38:24,0.2974219531437542,30.742335105223226
2023-09-25 02:38:29,0.29348104586255386,31.414857151207716
2023-09-25 02:38:34,0.30582870058881456,33.665788248602574
2023-09-25 02:38:39,0.2997819977812318,33.20778480417369
2023-09-25 02:38:44,0.29633265167595657,32.86037917081357
2023-09-25 02:38:49,0.2929675654823338,30.16476421288621
2023-09-25 02:38:54,0.27388846102339093,29.725521618065784
2023-09-25 02:38:59,0.26929024181791494,28.706309860120854
2023-09-25 02:39:04,0.2651754803045183,24.700634821878527
2023-09-25 02:39:09,0.2664707845893815,23.51161360726892
2023-09-25 02:39:14,0.2624359189315162,23.697587708941565
2023-09-25 02:39:19,0.2613074947082152,23.828173007953314
2023-09-25 02:39:24,0.2497628185179541,23.13426546329208
2023-09-25 02:39:29,0.2633631180886929,28.002523209741383
2023-09-25 02:39:34,0.2714057307993457,27.52796539435971
2023-09-25 02:39:39,0.2775176465242474,30.398337357997768
2023-09-25 02:39:44,0.2865702498119891,38.51396088461041
2023-09-25 02:39:49,0.2934215122393205,38.238504651668144
2023-09-25 02:39:54,0.2963093243416789,40.43809906273222
2023-09-25 02:39:59,0.27635121806644675,35.81633238294
2023-09-25 02:40:04,0.2839346248574469,37.026144790209464
2023-09-25 02:40:09,0.28287667087721274,36.58340522429447
2023-09-25 02:40:14,0.28680607088549515,34.67964956542786
2023-09-25 02:40:19,0.2960113137655735,33.771310811924224
2023-09-25 02:40:24,0.2884949820458009,32.42032158448796
2023-09-25 02:40:29,0.2688549539359881,25.703734508861213
2023-09-25 02:40:34,0.26826304610326407,23.76498886466847
2023-09-25 02:40:39,0.2618199811112008,21.080408495545985
2023-09-25 02:40:44,0.2634836655011816,19.289146653152507
2023-09-25 02:40:49,0.26912330744060453,20.508495373228094
2023-09-25 02:40:54,0.2724731352952185,18.449396546114546
2023-09-25 02:40:59,0.26986830184380517,26.263917854314585
2023-09-25 02:41:04,0.271262089820551,29.450674606967187
2023-09-25 02:41:09,0.2606403628666414,26.479465276993853
2023-09-25 02:41:14,0.24615532241399082,27.707896282870465
2023-09-25 02:41:19,0.2620787364608828,35.10924219149511
2023-09-25 02:41:24,0.27201839163772595,37.72913280134796
2023-09-25 02:41:29,0.2712681033476283,40.85045570427238
2023-09-25 02:41:34,0.27298386594256213,41.55370721597777
2023-09-25 02:41:39,0.27281805756837585,35.790774688159395
2023-09-25 02:41:44,0.27481058472481124,37.02104304347886
2023-09-25 02:41:49,0.26610116355244273,33.172510718422174
2023-09-25 02:41:54,0.25630828379727183,31.849484288883193
2023-09-25 02:41:59,0.252160768768835,29.702835932521978
2023-09-25 02:42:04,0.26907575020823604,27.924944959953002
2023-09-25 02:42:09,0.264681992061256,25.692026454930406
2023-09-25 02:42:14,0.2612898326108447,18.464989804622014
2023-09-25 02:42:19,0.265922423376624,19.437880591232894
2023-09-25 02:42:24,0.2755260960641353,23.198583887631994
2023-09-25 02:42:29,0.273645235215282,24.401634956812146
2023-09-25 02:42:34,0.28071187630752376,27.16967654523111
2023-09-25 02:42:39,0.27901458086483416,29.38120453431119
2023-09-25 02:42:44,0.27749267797812516,31.806068430114237
2023-09-25 02:42:49,0.2718508443686267,31.82575489427223
2023-09-25 02:42:54,0.2744005785051,32.881274119176
2023-09-25 02:42:59,0.2662866652470643,30.863342429458136
2023-09-25 02:43:04,0.2557857814354966,25.439523177388658
2023-09-25 02:43:09,0.27749205354768214,32.133665165359126
2023-09-25 02:43:14,0.271903226506805,32.334461419508784
2023-09-25 02:43:19,0.2793029876251267,35.736688692762314
2023-09-25 02:43:24,0.28854111490051837,34.698151252909035
2023-09-25 02:43:29,0.29071282452046787,37.93990303066387
2023-09-25 02:43:34,0.2884024534311127,39.958722450542
2023-09-25 02:43:39,0.28903157213158076,35.41337989046883
2023-09-25 02:43:44,0.27805213361009146,34.88299177585659
2023-09-25 02:43:49,0.28975896711405663,31.719015297092774
2023-09-25 02:43:54,0.2870378420017279,31.72659303889818
2023-09-25 02:43:59,0.28925765706343554,29.200846816171726
2023-09-25 02:44:04,0.2966042256624172,29.940204549287277
2023-09-25 02:44:09,0.2949255228407436,29.436052467816015
2023-09-25 02:44:14,0.2812551152268846,28.315433378880897
2023-09-25 02:44:19,0.25684538331069295,29.86353493951533
2023-09-25 02:44:24,0.2608102114132371,28.243239544450503
2023-09-25 02:44:29,0.2659933252032486,29.195617515677654
2023-09-25 02:44:34,0.2659686118504739,28.488236983712792
2023-09-25 02:44:39,0.26405356483018827,31.679761495008773
2023-09-25 02:44:44,0.260832042540745,28.343183408522734
2023-09-25 02:44:49,0.25875850984084187,30.857530227036584
2023-09-25 02:44:54,0.2588404630125661,34.53138330482414
2023-09-25 02:44:59,0.24860441923582188,34.70656618176726
2023-09-25 02:45:04,0.25919344079099366,31.837472555983663
2023-09-25 02:45:09,0.2633584914096671,28.08689638720459
2023-09-25 02:45:14,0.2674063882636697,27.41745277092799
2023-09-25 02:45:19,0.2667755554903838,26.580716868540936
2023-09-25 02:45:24,0.26530995473186003,25.502384746324914
2023-09-25 02:45:29,0.27299921729897675,26.530249654048067
2023-09-25 02:45:34,0.27911209491010847,30.443021119494734
2023-09-25 02:45:39,0.27995422835251405,27.106173854961487
2023-09-25 02:45:44,0.2797742224200721,28.60766151532466
2023-09-25 02:45:49,0.29401692062522544,22.86078267049796
2023-09-25 02:45:54,0.290136242778604,27.669912511837122
2023-09-25 02:45:59,0.2889868367840623,27.38205836970291
2023-09-25 02:46:04,0.2908180239711236,29.510888087222
2023-09-25 02:46:09,0.2801788401749319,28.513154834263553
2023-09-25 02:46:14,0.27871775981207564,27.641432334620035
2023-09-25 02:46:19,0.27245205737640993,25.641199656511063
2023-09-25 02:46:24,0.25988519781122893,30.489094069214516
2023-09-25 02:46:29,0.26131855421349237,35.69093054748094
2023-09-25 02:46:34,0.2728707085260329,37.83174002177786
2023-09-25 02:46:39,0.26263148490485205,37.953335359462805
timestamp,vCPU,memory
2023-09-25 02:46:39,0.26263148490485205,37.953335359462805
2023-09-25 02:46:44,0.2568681458789335,36.02377658909357
2023-09-25 02:46:49,0.26286902186382727,35.45576029129694
2023-09-25 02:46:54,0.26100331971664736,36.33699177044204
2023-09-25 02:46:59,0.25734114697817734,35.82341793400951
2023-09-25 02:47:04,0.26506166213034593,35.12613613455518
2023-09-25 02:47:09,0.25487246260668317,33.58652724504925
2023-09-25 02:47:14,0.2464103808633751,32.64238982594347
2023-09-25 02:47:19,0.2588955575753282,34.18613995772678
2023-09-25 02:47:24,0.2596006303775796,33.66239062914033
2023-09-25 02:47:29,0.25943205026025323,34.998416786442824
2023-09-25 02:47:34,0.2715700111592166,36.404810210445596
2023-09-25 02:47:39,0.27421404840932573,38.27618252273805
2023-09-25 02:47:44,0.2686168487195296,39.81620873882802
2023-09-25 02:47:49,0.26899789278886693,41.50743772925874
2023-09-25 02:47:54,0.2754577678552128,45.72001187809804
2023-09-25 02:47:59,0.2617277793612807,42.903523516988905
2023-09-25 02:48:04,0.2719326879122447,34.92405508001143
2023-09-25 02:48:09,0.26570156577122034,37.11847728263832
2023-09-25 02:48:14,0.26130526587938874,37.013530874519276
2023-09-25 02:48:19,0.26903863516577853,35.5516256263323
2023-09-25 02:48:24,0.25764826970317106,31.61392028173644
2023-09-25 02:48:29,0.2759909683383316,28.028216031334516
2023-09-25 02:48:34,0.27804338486399693,26.79208118286315
2023-09-25 02:48:39,0.27550876954865117,25.56486243400591
2023-09-25 02:48:44,0.2830666501556072,25.321524990981246
2023-09-25 02:48:49,0.28657816788691404,28.193517047158416
2023-09-25 02:48:54,0.28460817424091045,29.194387380178934
2023-09-25 02:48:59,0.28128625630780285,25.558303855767186
2023-09-25 02:49:04,0.2807403166497824,30.00844871885378
2023-09-25 02:49:09,0.27604337617883873,29.132063276706475
2023-09-25 02:49:14,0.24758156429129635,29.742531468771126
2023-09-25 02:49:19,0.2526395732642563,32.9097263524022
2023-09-25 02:49:24,0.25522422653059534,33.10893911071215
2023-09-25 02:49:29,0.2463591665460918,32.42437616596118
2023-09-25 02:49:34,0.2552362423989074,34.059728313123415
2023-09-25 02:49:39,0.2694505237345196,34.28430128801458
2023-09-25 02:49:44,0.2709776754617529,31.4927968459116
2023-09-25 02:49:49,0.2755383901159241,30.93675042901842
2023-09-25 02:49:54,0.27232953182753755,29.043489758082494
2023-09-25 02:49:59,0.2870608634599375,24.419730968904688
2023-09-25 02:50:04,0.2940368771949872,26.47198044404868
2023-09-25 02:50:09,0.29176581071763574,25.66544623021696
2023-09-25 02:50:14,0.2881286796136106,31.937039865984715
2023-09-25 02:50:19,0.2962927584281989,26.99912744823422
2023-09-25 02:50:24,0.2864077927870881,28.81828931206268
2023-09-25 02:50:29,0.26693475931318905,32.26526671532603
2023-09-25 02:50:34,0.26643478656292857,34.89630353173361
2023-09-25 02:50:39,0.28497487186621195,32.83591499414914
2023-09-25 02:50:44,0.2842972319026722,29.581917322756755
2023-09-25 02:50:49,0.27302455429784583,28.662540450709475
2023-09-25 02:50:54,0.2807162828948979,33.04627640240103
2023-09-25 02:50:59,0.2867168195789431,31.02586652101841
2023-09-25 02:51:04,0.28880208682801944,31.940085800008447
2023-09-25 02:51:09,0.27899098859743876,31.12091479584344
2023-09-25 02:51:14,0.2774082575671593,29.983365661054172
2023-09-25 02:51:19,0.2882896600755616,32.174808350372736
2023-09-25 02:51:24,0.29633112306664844,39.36012377560914
2023-09-25 02:51:29,0.28350719069425934,36.10166014085826
2023-09-25 02:51:34,0.2698011755738873,29.140818294258082
2023-09-25 02:51:39,0.27876886876203366,29.568045132823546
2023-09-25 02:51:44,0.26431667816757476,30.90560587923465
2023-09-25 02:51:49,0.25887751619339877,31.94053825908507
2023-09-25 02:51:54,0.2477152960168472,30.691279005907788
2023-09-25 02:51:59,0.2485507331698259,33.720454954826494
2023-09-25 02:52:04,0.25333027881361464,32.88889600061133
2023-09-25 02:52:09,0.24714121404456224,32.21898226518306
2023-09-25 02:52:14,0.25147907004919895,28.0164595756054
2023-09-25 02:52:19,0.2538723439492769,31.13725527208567
2023-09-25 02:52:24,0.2602419944042669,28.184354173818704
2023-09-25 02:52:29,0.26354429486212744,24.53139593986881
2023-09-25 02:52:34,0.2647713708399669,20.091498341220117
2023-09-25 02:52:39,0.26646512709358045,22.323657364846454
2023-09-25 02:52:44,0.26055152436219997,21.264746426358652
2023-09-25 02:52:49,0.27679522055730843,28.829362280147024
2023-09-25 02:52:54,0.2748727254396044,30.363888783992824
2023-09-25 02:52:59,0.27692105368681946,30.196549117893596
2023-09-25 02:53:04,0.28666246871294765,30.130164189634776
2023-09-25 02:53:09,0.28549060950014027,29.272207071893167
2023-09-25 02:53:14,0.2768839970281931,30.967931878636307
2023-09-25 02:53:19,0.27156963723500854,32.358476124023554
2023-09-25 02:53:24,0.27756449632090446,29.159081492638155
2023-09-25 02:53:29,0.27474051968254964,27.650515568481495
2023-09-25 02:53:34,0.27978428744423384,22.394564770565058
2023-09-25 02:53:39,0.2776244738889861,24.224339159498093
2023-09-25 02:53:44,0.28302399132302064,25.223480196482342
2023-09-25 02:53:49,0.2756197217691499,22.58390842159913
2023-09-25 02:53:54,0.2759497696277736,20.81936566539493
2023-09-25 02:53:59,0.259095793562544,24.30616726414026
2023-09-25 02:54:04,0.2740827572057152,24.27574805920336
2023-09-25 02:54:09,0.2676305188496343,26.213446895571582
2023-09-25 02:54:14,0.2671920024091772,31.9617678378385
2023-09-25 02:54:19,0.27540811789675335,39.26202433119885
2023-09-25 02:54:24,0.2730943750349263,38.72923972142897
2023-09-25 02:54:29,0.27093085702302044,40.12932072056264
2023-09-25 02:54:34,0.2710747196136584,45.360240794798
2023-09-25 02:54:39,0.2752152032580273,47.94072719267881
2023-09-25 02:54:44,0.27251542378088073,45.01367918399848
2023-09-25 02:54:49,0.2792710076097333,42.231280216167455
2023-09-25 02:54:54,0.28363181698185413,36.632314143987394
2023-09-25 02:54:59,0.27956822495780875,32.59802723824275
2023-09-25 02:55:04,0.2773196472463546,33.690322145651066
2023-09-25 02:55:09,0.283129625939242,32.555035326161196
2023-09-25 02:55:14,0.2647492682652422,28.779879490354805
2023-09-25 02:55:19,0.26441585518502303,24.04605845829375
2023-09-25 02:55:24,0.2514217247202738,23.522918323363864
2023-09-25 02:55:29,0.23753046316398135,28.084645274371486
2023-09-25 02:55:34,0.22724418040917232,29.78885581678517
2023-09-25 02:55:39,0.2137187170272836,27.07784260530571
2023-09-25 02:55:44,0.19635906243327522,24.827881004941567
2023-09-25 02:55:49,0.20440435163648188,30.080887226754868
2023-09-25 02:55:54,0.22563068997937477,28.64409586330911
2023-09-25 02:55:59,0.23908425954422163,29.149901745831194
2023-09-25 02:56:04,0.2303591653116506,30.631545732951867
2023-09-25 02:56:09,0.22715320771780115,28.1179758931973
2023-09-25 02:56:14,0.22647401127786473,22.786738535738753
2023-09-25 02:56:19,0.2673842010590865,22.01546008352641
2023-09-25 02:56:24,0.2670134108416332,26.08216740236338
2023-09-25 02:56:29,0.27132003535150323,27.599368384769033
2023-09-25 02:56:34,0.2734953998515606,25.067818151852478
2023-09-25 02:56:39,0.28552356297468845,26.646905288886014
timestamp,vCPU,memory
2023-09-25 02:56:39,0.28552356297468845,26.646905288886014
2023-09-25 02:56:44,0.28523738193797316,23.352737238238202
2023-09-25 02:56:49,0.29135215032493444,23.50581051441962
2023-09-25 02:56:54,0.29078783538633274,23.32145398691069
2023-09-25 02:56:59,0.294663732942283,26.189149764367574
2023-09-25 02:57:04,0.30031079771363856,27.734570185059624
2023-09-25 02:57:09,0.29377238971591446,26.14589418116045
2023-09-25 02:57:14,0.2950417521018402,22.770185442121498
2023-09-25 02:57:19,0.2955211679787685,28.66141533761306
2023-09-25 02:57:24,0.29525141768277036,28.591008306182513
2023-09-25 02:57:29,0.2850754024349114,30.81810290268067
2023-09-25 02:57:34,0.28131557045124833,28.631876837572438
2023-09-25 02:57:39,0.2713894420397174,23.70297767898833
2023-09-25 02:57:44,0.26225186054368727,29.012110717065934
2023-09-25 02:57:49,0.2660959295129427,34.760262065431554
2023-09-25 02:57:54,0.2663366396911824,41.234897520410556
2023-09-25 02:57:59,0.2580050871478831,37.64956703841633
2023-09-25 02:58:04,0.2686203155696568,39.673618154581426
2023-09-25 02:58:09,0.2674538119379019,41.059118994092486
2023-09-25 02:58:14,0.2638738091539351,37.726692716011684
2023-09-25 02:58:19,0.2601265526852154,37.499610612900554
2023-09-25 02:58:24,0.26685612106603995,38.80587853929879
2023-09-25 02:58:29,0.2740503153393045,40.413230065942805
2023-09-25 02:58:34,0.27716021808740837,37.12123953970173
2023-09-25 02:58:39,0.2686369623147017,36.69524260747691
2023-09-25 02:58:44,0.2681658810128237,35.84948629464011
2023-09-25 02:58:49,0.2711005990717288,28.365617446128322
2023-09-25 02:58:54,0.2724348674448646,29.34599068912112
2023-09-25 02:58:59,0.26384818520784836,24.63923858236666
2023-09-25 02:59:04,0.2755659210940316,26.913797908307064
2023-09-25 02:59:09,0.2763877682592143,25.26155154371312
2023-09-25 02:59:14,0.2689633606569813,25.99416788602726
2023-09-25 02:59:19,0.27408608936025747,29.00801483019745
2023-09-25 02:59:24,0.26970055382749875,30.35885349387069
2023-09-25 02:59:29,0.2828298531643917,34.99736002842309
2023-09-25 02:59:34,0.2822345732351346,34.697844062566304
2023-09-25 02:59:39,0.28765582442265636,35.603191596524894
2023-09-25 02:59:44,0.28840639642200333,36.450620265813434
2023-09-25 02:59:49,0.28605011612903103,40.04316366247154
2023-09-25 02:59:54,0.2791872884394063,39.666034219486924
2023-09-25 02:59:59,0.2761921313724921,40.74375843056786
2023-09-25 03:00:04,0.2845057195835482,38.28049478132345
2023-09-25 03:00:09,0.2761558340690519,28.826964999702582
2023-09-25 03:00:14,0.268344022951894,29.13907468579264
2023-09-25 03:00:19,0.27344081993536334,33.04504629298555
2023-09-25 03:00:24,0.2702012513502463,34.996509474891226
2023-09-25 03:00:29,0.26168076028388626,31.021449406102846
2023-09-25 03:00:34,0.26686027751509744,30.539430516253066
2023-09-25 03:00:39,0.2617229001990706,27.158455856360142
2023-09-25 03:00:44,0.2583536036958893,28.750720288796668
2023-09-25 03:00:49,0.26524632741325704,35.11766964623439
2023-09-25 03:00:54,0.2653283048174482,34.822826481809564
2023-09-25 03:00:59,0.266907337300786,33.466454114851096
2023-09-25 03:01:04,0.25892630118063137,35.34853799377577
2023-09-25 03:01:09,0.26134090493032663,36.49566137092039
2023-09-25 03:01:14,0.25734425099785924,34.56369683574826
2023-09-25 03:01:19,0.2646611582028732,37.05193615927798
2023-09-25 03:01:24,0.2718029095748148,33.154895755543066
2023-09-25 03:01:29,0.27631803449321474,32.3385800689193
2023-09-25 03:01:34,0.27985887310756186,34.17161885992534
2023-09-25 03:01:39,0.28349272474328074,32.72588362773367
2023-09-25 03:01:44,0.2709796175289821,32.28999324263574
2023-09-25 03:01:49,0.2793056799667036,28.75655556696707
2023-09-25 03:01:54,0.2850449842709091,25.465500912461984
2023-09-25 03:01:59,0.28998787702737916,25.23601416821868
2023-09-25 03:02:04,0.2875618989986638,22.59481060916347
2023-09-25 03:02:09,0.2850400296286308,22.314693337692063
2023-09-25 03:02:14,0.28203559691592295,20.814445403322257
2023-09-25 03:02:19,0.28667318183828905,19.06948685821323
2023-09-25 03:02:24,0.2871638747117472,20.187772696620694
2023-09-25 03:02:29,0.2923593648638945,22.216392878198498
2023-09-25 03:02:34,0.29650086555577937,24.184680188366123
2023-09-25 03:02:39,0.31253589342703403,26.44169629229586
2023-09-25 03:02:44,0.3078574696545269,29.78578987705831
2023-09-25 03:02:49,0.31021601433014606,28.79383006529597
2023-09-25 03:02:54,0.30391147892144754,28.966885572717608
2023-09-25 03:02:59,0.30679952053263115,31.322812428999327
2023-09-25 03:03:04,0.3020087660670085,32.51434955471783
2023-09-25 03:03:09,0.3106397578865907,26.200836822013976
2023-09-25 03:03:14,0.2973573521346475,23.401030050913633
2023-09-25 03:03:19,0.280969755322193,21.041315347924872
2023-09-25 03:03:24,0.27803531278661736,22.134999956209843
2023-09-25 03:03:29,0.27417484366721956,26.477296416359138
2023-09-25 03:03:34,0.28148762387196213,29.671957960988575
2023-09-25 03:03:39,0.2652306448498521,29.427190416434936
2023-09-25 03:03:44,0.2589476640746208,29.361953289547277
2023-09-25 03:03:49,0.26714137515575964,30.564630413435726
2023-09-25 03:03:54,0.2748554280281574,32.49835173045403
2023-09-25 03:03:59,0.2644045297479079,35.53386991625503
2023-09-25 03:04:04,0.26297198749209716,32.39563210598587
2023-09-25 03:04:09,0.2688309317079683,31.515466729632987
2023-09-25 03:04:14,0.26113352081382674,27.307948321948214
2023-09-25 03:04:19,0.261952174911646,26.405854251500916
2023-09-25 03:04:24,0.2620287287384892,27.76427643279188
2023-09-25 03:04:29,0.2552826330526617,29.26863638425045
2023-09-25 03:04:34,0.26031720136636155,32.41525684447176
2023-09-25 03:04:39,0.2587368002695088,33.77873615952355
2023-09-25 03:04:44,0.25099853641701614,31.143100665055325
2023-09-25 03:04:49,0.2654453024367898,32.32407180881635
2023-09-25 03:04:54,0.26266373498709406,33.03403916794838
2023-09-25 03:04:59,0.2578307599573644,31.519114768161018
2023-09-25 03:05:04,0.26294818167354955,34.30710387402397
2023-09-25 03:05:09,0.2672444179706313,30.99767659492827
2023-09-25 03:05:14,0.2681695302627127,27.989641596651204
2023-09-25 03:05:19,0.26487452486298374,26.720098431642466
2023-09-25 03:05:24,0.257799354383303,23.34292474428869
2023-09-25 03:05:29,0.2625817198901211,25.800144830848954
2023-09-25 03:05:34,0.2616806786540098,27.291435454681466
2023-09-25 03:05:39,0.2679438761095522,24.000986439902633
2023-09-25 03:05:44,0.2692222709436528,29.71293570723718
2023-09-25 03:05:49,0.2712357050330034,28.46533715790959
2023-09-25 03:05:54,0.2572875618121034,23.339109869746565
2023-09-25 03:05:59,0.2556692595480493,24.303699598692713
2023-09-25 03:06:04,0.2596514191245153,21.19965477154253
2023-09-25 03:06:09,0.26192336006790995,23.744434036274257
2023-09-25 03:06:14,0.25052460143705824,25.45821110764789
2023-09-25 03:06:19,0.26546592180871054,30.619062819287713
2023-09-25 03:06:24,0.2597467967202325,30.84244517253184
2023-09-25 03:06:29,0.2547205672235715,27.115075008602155
2023-09-25 03:06:34,0.2516816369649064,29.874171453680617
2023-09-25 03:06:39,0.24231411694683186,29.60500948505463
timestamp,vCPU,memory
2023-09-25 03:06:39,0.24231411694683186,29.60500948505463
2023-09-25 03:06:44,0.24358322893762657,35.475233016812155
2023-09-25 03:06:49,0.22616778831504675,31.4210829195628
2023-09-25 03:06:54,0.21490176547578052,28.685011431245673
2023-09-25 03:06:59,0.2093636122023431,28.75762365188124
2023-09-25 03:07:04,0.203420406608591,22.691202961462192
2023-09-25 03:07:09,0.22165113345165582,26.292737201470448
2023-09-25 03:07:14,0.24781427784258142,28.688458444459233
2023-09-25 03:07:19,0.2348090875352383,28.772879761435988
2023-09-25 03:07:24,0.2404302836547797,29.18442390582431
2023-09-25 03:07:29,0.22904224673260748,28.587975200470726
2023-09-25 03:07:34,0.24264855409429192,27.064835717773914
2023-09-25 03:07:39,0.26306492042423246,27.364577274868225
2023-09-25 03:07:44,0.2612446461727547,30.338560318548733
2023-09-25 03:07:49,0.27273217107562314,28.32328628798148
2023-09-25 03:07:54,0.2859903515455449,29.62156653968824
2023-09-25 03:07:59,0.2855193251271079,25.16655686127684
2023-09-25 03:08:04,0.2942059075102822,26.01945523306424
2023-09-25 03:08:09,0.297200703016188,24.250396155596082
2023-09-25 03:08:14,0.3038820075352446,29.88890996284581
2023-09-25 03:08:19,0.31157213973221126,31.127395943237595
2023-09-25 03:08:24,0.3315197633104842,31.64041365469954
2023-09-25 03:08:29,0.32516717271536805,30.800956025171963
2023-09-25 03:08:34,0.32047020465369924,30.190177826164156
2023-09-25 03:08:39,0.32039670954488975,28.828195783729477
2023-09-25 03:08:44,0.3119001095249475,30.31240081248313
2023-09-25 03:08:49,0.2929488216110835,32.692084984080104
2023-09-25 03:08:54,0.27567957830350404,29.140133099595655
2023-09-25 03:08:59,0.26670894001288037,27.325590456929852
2023-09-25 03:09:04,0.2698100214401462,31.870517719323438
2023-09-25 03:09:09,0.2697166280526803,31.829581273910954
2023-09-25 03:09:14,0.26547365038830895,32.380746530037726
2023-09-25 03:09:19,0.27614426882823745,35.270763724590324
2023-09-25 03:09:24,0.2729362231880224,37.3348231574315
2023-09-25 03:09:29,0.26628892700871815,34.45094829006679
2023-09-25 03:09:34,0.28106880841981036,34.84819956323828
2023-09-25 03:09:39,0.28343008783255835,34.27875527382386
2023-09-25 03:09:44,0.28109119078034583,32.06516766045284
2023-09-25 03:09:49,0.2811303491555956,29.685397729725253
2023-09-25 03:09:54,0.2759763870323483,27.512095022452193
2023-09-25 03:09:59,0.27916411341518355,27.906023487509806
2023-09-25 03:10:04,0.2774843038884153,27.003219133650205
2023-09-25 03:10:09,0.2808493980524357,29.529888898081428
2023-09-25 03:10:14,0.27400511777645953,33.44544255754215
2023-09-25 03:10:19,0.2828472461854413,34.34314683074635
2023-09-25 03:10:24,0.28144286824205944,33.741068683932745
2023-09-25 03:10:29,0.28357245975764805,34.43862844829535
2023-09-25 03:10:34,0.2807311513167625,32.08530408652124
2023-09-25 03:10:39,0.2786456036504596,32.04842488003278
2023-09-25 03:10:44,0.28282210732335816,31.22434026678031
2023-09-25 03:10:49,0.2876838601960018,30.43945263557561
2023-09-25 03:10:54,0.27346165019685703,25.739670738576123
2023-09-25 03:10:59,0.26937962995443027,24.513082114374598
2023-09-25 03:11:04,0.26699304738172297,30.188892643485588
2023-09-25 03:11:09,0.27035608133003236,29.701106806835945
2023-09-25 03:11:14,0.27104014262902565,30.998933779710264
2023-09-25 03:11:19,0.2693951885841009,28.802676973255195
2023-09-25 03:11:24,0.2639828578598344,29.97496665910944
2023-09-25 03:11:29,0.2647138781224011,28.77058001571723
2023-09-25 03:11:34,0.26605810760729454,29.24847199260885
2023-09-25 03:11:39,0.260903173289134,32.62089137023018
2023-09-25 03:11:44,0.261529405654534,29.96573245942729
2023-09-25 03:11:49,0.25587605965360416,24.81323832279044
2023-09-25 03:11:54,0.2621722009390107,26.529965521276566
2023-09-25 03:11:59,0.2677367109991816,30.960366195638443
2023-09-25 03:12:04,0.2672221456638042,32.8261693250175
2023-09-25 03:12:09,0.25879938587936197,31.771519472450198
2023-09-25 03:12:14,0.26477379376540777,28.511302541220815
2023-09-25 03:12:19,0.26586959746420796,32.1894503405507
2023-09-25 03:12:24,0.26747532757977827,30.49051588956292
2023-09-25 03:12:29,0.25864890640982346,31.141550580896848
2023-09-25 03:12:34,0.2548783401845373,31.58116781280765
2023-09-25 03:12:39,0.24635862054998872,26.0725691957711
2023-09-25 03:12:44,0.25003620067727267,23.693457293700234
2023-09-25 03:12:49,0.22464833536110945,22.902609992241313
2023-09-25 03:12:54,0.213811409111254,21.157834784982885
2023-09-25 03:12:59,0.20414605101643138,20.631923411780377
2023-09-25 03:13:04,0.19620326702607377,20.315192882950864
2023-09-25 03:13:09,0.1901396745928381,21.167529192112475
2023-09-25 03:13:14,0.18088292763751793,18.70250291682084
2023-09-25 03:13:19,0.18361631627337913,18.68665990818633
2023-09-25 03:13:24,0.19056585043137322,19.84981589351177
2023-09-25 03:13:29,0.19799723675165828,24.51631464320372
2023-09-25 03:13:34,0.19796401220944276,25.142208312502504
2023-09-25 03:13:39,0.19815157971039107,24.821790052493245
2023-09-25 03:13:44,0.2030750656995801,26.706967108240335
2023-09-25 03:13:49,0.2215483152672985,26.72274988849291
2023-09-25 03:13:54,0.232523793345024,28.20913117852255
2023-09-25 03:13:59,0.2501916886511241,27.232182152047606
2023-09-25 03:14:04,0.2647622710539617,31.119655933963877
2023-09-25 03:14:09,0.2728759705093498,35.09139330730494
2023-09-25 03:14:14,0.2742246601373186,32.81463518835209
2023-09-25 03:14:19,0.2884124836847667,37.407033556438435
2023-09-25 03:14:24,0.2853209439896751,34.70725170437438
2023-09-25 03:14:29,0.2887361338631587,38.582040164223486
2023-09-25 03:14:34,0.28699313458119324,36.94222206038153
2023-09-25 03:14:39,0.27619900142425935,35.731221623481076
2023-09-25 03:14:44,0.2718527821205541,34.49506309859571
2023-09-25 03:14:49,0.29558851740171177,34.80218147892688
2023-09-25 03:14:54,0.2939160273738222,31.40507853204484
2023-09-25 03:14:59,0.305843288639218,34.29716204575176
2023-09-25 03:15:04,0.3017010116651079,28.57973643447929
2023-09-25 03:15:09,0.3027267150841848,30.206701407032362
2023-09-25 03:15:14,0.2970579218854693,27.663180661827635
2023-09-25 03:15:19,0.29177326808026444,27.310392903132794
2023-09-25 03:15:24,0.27710940891964914,25.4446734105844
2023-09-25 03:15:29,0.2668488461449666,23.322954789281315
2023-09-25 03:15:34,0.2601115412517225,18.67492724286566
2023-09-25 03:15:39,0.2574809965516715,17.32024869749594
2023-09-25 03:15:44,0.2579113024428466,19.56266212718846
2023-09-25 03:15:49,0.24992919511743536,17.65241773860868
2023-09-25 03:15:54,0.26548300815211096,19.642234537219363
2023-09-25 03:15:59,0.26032041696264013,19.97413307289507
2023-09-25 03:16:04,0.25531898179701357,21.985561108374213
2023-09-25 03:16:09,0.2507756397270378,21.447344671514927
2023-09-25 03:16:14,0.25944517497825426,21.146721651703057
2023-09-25 03:16:19,0.2699592102334688,24.853201184726473
2023-09-25 03:16:24,0.2657908552997358,23.948255748141726
2023-09-25 03:16:29,0.26431475705424246,22.335588168681284
2023-09-25 03:16:34,0.26858280706453264,27.34023616502157
2023-09-25 03:16:39,0.25989544004589643,28.43446173275112
timestamp,vCPU,memory
2023-09-25 03:16:39,0.25989544004589643,28.43446173275112
2023-09-25 03:16:44,0.25980711978169707,28.188190844253164
2023-09-25 03:16:49,0.2663611538411587,27.917415248961344
2023-09-25 03:16:54,0.26884407438319374,29.92117858599464
2023-09-25 03:16:59,0.27446033534068565,28.353668065560147
2023-09-25 03:17:04,0.27278454868853913,33.02532495604923
2023-09-25 03:17:09,0.26724283570712926,32.84920258710067
2023-09-25 03:17:14,0.27101046487129643,34.40579161882356
2023-09-25 03:17:19,0.2719076570559128,31.219192990559492
2023-09-25 03:17:24,0.2694263300705436,33.42164760469973
2023-09-25 03:17:29,0.2643986357039263,36.82606823149337
2023-09-25 03:17:34,0.27229034219765624,36.60602973864212
2023-09-25 03:17:39,0.26553222910621066,35.65120291967425
2023-09-25 03:17:44,0.2637375515609143,32.82796675717213
2023-09-25 03:17:49,0.261542607594514,34.644542682372936
2023-09-25 03:17:54,0.2723462939082261,30.703958270448656
2023-09-25 03:17:59,0.27122905064742875,31.80428808766686
2023-09-25 03:18:04,0.267808130539696,33.637873981281146
2023-09-25 03:18:09,0.27195954572344655,27.07117891777329
2023-09-25 03:18:14,0.2701701091053906,25.977361070052332
2023-09-25 03:18:19,0.2745848408791796,25.659558868389258
2023-09-25 03:18:24,0.2712489134020513,24.940382604099746
2023-09-25 03:18:29,0.26424914229871094,23.663362881890226
2023-09-25 03:18:34,0.2580347193744845,23.81372300327534
2023-09-25 03:18:39,0.259229742519545,27.579668229747348
2023-09-25 03:18:44,0.247824735687114,25.417611045510075
2023-09-25 03:18:49,0.24294424816360924,29.999341422273478
2023-09-25 03:18:54,0.2629016859253413,30.0202471001574
2023-09-25 03:18:59,0.2582081947904297,27.406965167048806
2023-09-25 03:19:04,0.25816668368252293,26.412358668481904
2023-09-25 03:19:09,0.2588432591165616,26.602158841873432
2023-09-25 03:19:14,0.2576745576111904,22.59802879493415
2023-09-25 03:19:19,0.2673409522917759,24.001785533140605
2023-09-25 03:19:24,0.26224525859162595,25.811979528297062
2023-09-25 03:19:29,0.2742309127515288,32.014860883166
2023-09-25 03:19:34,0.2853969370634634,29.47305056243384
2023-09-25 03:19:39,0.2778370375976928,30.371290586667875
2023-09-25 03:19:44,0.28258499104653173,35.44884813462823
2023-09-25 03:19:49,0.2925350187696576,36.941827747371036
2023-09-25 03:19:54,0.2809718509526284,34.13996200583645
2023-09-25 03:19:59,0.2862836982867077,38.72644060654541
2023-09-25 03:20:04,0.2853179677956464,37.903618612812
2023-09-25 03:20:09,0.2858054709217287,36.52134628880532
2023-09-25 03:20:14,0.2863425739131357,34.07832963581039
2023-09-25 03:20:19,0.2902442478708259,37.541542068425386
2023-09-25 03:20:24,0.29049374263576305,39.241739879940205
2023-09-25 03:20:29,0.2883696400318818,43.65564920478887
2023-09-25 03:20:34,0.3027951947021633,37.827410522880484
2023-09-25 03:20:39,0.2899307506170261,35.33517885618638
2023-09-25 03:20:44,0.294472083424775,31.66786671176414
2023-09-25 03:20:49,0.29357379467800804,31.146681349912637
2023-09-25 03:20:54,0.284821808115951,28.535638468929733
2023-09-25 03:20:59,0.27157123978791087,20.988621682074186
2023-09-25 03:21:04,0.2602303373088417,19.236298846723397
2023-09-25 03:21:09,0.25353479834394466,17.682989919655775
2023-09-25 03:21:14,0.25557164601018434,26.02330529811652
2023-09-25 03:21:19,0.2597947458864572,27.385979571498325
2023-09-25 03:21:24,0.26247709171664,29.430574925737393
2023-09-25 03:21:29,0.2692122291358429,30.20290689215501
2023-09-25 03:21:34,0.27963594047499396,30.560723479074845
2023-09-25 03:21:39,0.27346326989613046,29.78162470371172
2023-09-25 03:21:44,0.26988973460503957,27.54477327686619
2023-09-25 03:21:49,0.2780682402935372,22.379555520054925
2023-09-25 03:21:54,0.27503294047290644,23.07230423832029
2023-09-25 03:21:59,0.27366221932741225,20.059736384640118
2023-09-25 03:22:04,0.27670707074824036,21.44725544738052
2023-09-25 03:22:09,0.2687187783431921,22.240733292060987
2023-09-25 03:22:14,0.2675288118575117,21.579921569341828
2023-09-25 03:22:19,0.272473624516352,21.352500795130585
2023-09-25 03:22:24,0.2672445700642155,20.51011435694072
2023-09-25 03:22:29,0.2723947030262699,22.75018489357221
2023-09-25 03:22:34,0.2704867163720876,22.08609267130729
2023-09-25 03:22:39,0.2762421675531283,26.55407928318736
2023-09-25 03:22:44,0.2716045507694491,28.608421911340333
2023-09-25 03:22:49,0.2764546809597051,31.89767110305066
2023-09-25 03:22:54,0.2789080735164881,31.086739759244146
2023-09-25 03:22:59,0.27558247014055604,31.38833933899767
2023-09-25 03:23:04,0.28122225219749797,37.02136134962208
2023-09-25 03:23:09,0.2817430072997855,39.43443814650915
2023-09-25 03:23:14,0.2854291414534767,46.01137370025389
2023-09-25 03:23:19,0.2841284045705933,43.28506686913943
2023-09-25 03:23:24,0.2840916526352385,42.669368363831694
2023-09-25 03:23:29,0.2807357816935828,36.79513842605356
2023-09-25 03:23:34,0.281375519346152,31.773318829341367
2023-09-25 03:23:39,0.2687320723987609,33.586026362783464
2023-09-25 03:23:44,0.27235097266929564,35.06224598725
2023-09-25 03:23:49,0.27122648155129503,36.94414891645906
2023-09-25 03:23:54,0.25861181273406714,36.625440651903915
2023-09-25 03:23:59,0.27086244121812947,31.844749676324412
2023-09-25 03:24:04,0.2720422309012499,31.47509972036901
2023-09-25 03:24:09,0.27235979666558885,29.11013853211091
2023-09-25 03:24:14,0.27484920529822954,29.189441568903344
2023-09-25 03:24:19,0.2747679317374312,29.315899737600038
2023-09-25 03:24:24,0.2673716968334207,28.62520316406584
2023-09-25 03:24:29,0.27019977224458286,26.984338081770137
2023-09-25 03:24:34,0.27393077706792407,26.56621869315755
2023-09-25 03:24:39,0.2748839468152089,26.08130510537911
2023-09-25 03:24:44,0.2699028692425143,26.277884988544415
2023-09-25 03:24:49,0.2636553258719721,28.636652580832394
2023-09-25 03:24:54,0.2608592214685532,28.3230565740248
2023-09-25 03:24:59,0.26330569027454415,27.76096469824076
2023-09-25 03:25:04,0.2750956011179433,30.727800406037154
2023-09-25 03:25:09,0.27152780432284984,31.205762468070052
2023-09-25 03:25:14,0.28471779766260663,33.0985605303737
2023-09-25 03:25:19,0.29297325066143226,31.433643740748064
2023-09-25 03:25:24,0.2852774114050857,29.29086943161996
2023-09-25 03:25:29,0.29142381819297936,30.2941236065835
2023-09-25 03:25:34,0.30256998700573595,33.4800915459898
2023-09-25 03:25:39,0.2914499447652937,34.66798785327395
2023-09-25 03:25:44,0.2910897633693206,33.396452907134446
2023-09-25 03:25:49,0.2887150355644301,30.107256551157338
2023-09-25 03:25:54,0.2809806258544731,24.557225755205376
2023-09-25 03:25:59,0.2664320938428685,22.467327347368794
2023-09-25 03:26:04,0.2697698739276853,24.209379232273257
2023-09-25 03:26:09,0.27053804100097834,25.934136643907753
2023-09-25 03:26:14,0.2782521233196698,30.79095752839394
2023-09-25 03:26:19,0.27915679913231095,30.662092800521616
2023-09-25 03:26:24,0.2774137576819586,26.140294560954203
2023-09-25 03:26:29,0.2776815567060886,28.43209459386662
2023-09-25 03:26:34,0.293004228180857,27.070606727469436
2023-09-25 03:26:39,0.2942083298713107,25.14900786854099
timestamp,vCPU,memory
2023-09-25 03:26:39,0.2942083298713107,25.14900786854099
2023-09-25 03:26:44,0.29442566237613915,25.27375882254239
2023-09-25 03:26:49,0.3006855089362928,27.240905005386132
2023-09-25 03:26:54,0.2936833046614337,26.52880198191978
2023-09-25 03:26:59,0.29043371178025446,24.38174559449878
2023-09-25 03:27:04,0.28602367483900915,25.300780766165055
2023-09-25 03:27:09,0.27474909252459506,29.926569169643162
2023-09-25 03:27:14,0.2703412329950225,28.261445933291473
2023-09-25 03:27:19,0.2656645877807583,31.61478471164947
2023-09-25 03:27:24,0.2643843334833449,33.43762966225155
2023-09-25 03:27:29,0.258080768767729,31.605685558605433
2023-09-25 03:27:34,0.2756248182073491,33.04212046094303
2023-09-25 03:27:39,0.2799869520104102,34.64688282997899
2023-09-25 03:27:44,0.28139375340085265,38.311083940318646
2023-09-25 03:27:49,0.2795203173386141,34.04167636935459
2023-09-25 03:27:54,0.276517428903052,41.86284129019984
2023-09-25 03:27:59,0.27468218776536685,36.37889859320375
2023-09-25 03:28:04,0.27939988627649315,36.740007760470306
2023-09-25 03:28:09,0.27113096723859503,38.50274754945361
2023-09-25 03:28:14,0.26765092315116673,35.484426566372484
2023-09-25 03:28:19,0.2713044226307188,34.57036201196345
2023-09-25 03:28:24,0.2723990242043786,34.83177953567732
2023-09-25 03:28:29,0.27157468898688547,35.20067132802198
2023-09-25 03:28:34,0.2724665220971482,34.30890677207596
2023-09-25 03:28:39,0.2788488931006281,29.363390239810705
2023-09-25 03:28:44,0.2845818575074497,32.670818891303874
2023-09-25 03:28:49,0.2875577148824206,27.101318928355752
2023-09-25 03:28:54,0.2898108528959903,26.334996418691077
2023-09-25 03:28:59,0.27631245484767003,21.536812231536995
2023-09-25 03:29:04,0.2739092462289336,22.266784980724335
2023-09-25 03:29:09,0.255694266852497,20.088697844979734
2023-09-25 03:29:14,0.2539593257207437,18.8297460835505
2023-09-25 03:29:19,0.27921499139343353,22.441905335952647
2023-09-25 03:29:24,0.27686966944701097,26.497068426917387
2023-09-25 03:29:29,0.27054738784952037,22.88243726596321
2023-09-25 03:29:34,0.27285720861373275,23.254835551014548
2023-09-25 03:29:39,0.27410371459916083,27.61988848227045
2023-09-25 03:29:44,0.24992808031621894,32.74103240792864
2023-09-25 03:29:49,0.24817396596463723,33.77467566425609
2023-09-25 03:29:54,0.2624314839389392,32.59836306778139
2023-09-25 03:29:59,0.25956902788962,30.158764214061645
2023-09-25 03:30:04,0.26560737026261844,26.887022343870836
2023-09-25 03:30:09,0.2666540874748116,29.268118879999815
2023-09-25 03:30:14,0.269937224522353,29.98120478630439
2023-09-25 03:30:19,0.2714110058888609,31.12143914978281
2023-09-25 03:30:24,0.2652260772667239,32.9204123745272
2023-09-25 03:30:29,0.264281075648551,28.639208652046367
2023-09-25 03:30:34,0.2684424214932129,26.270161426501428
2023-09-25 03:30:39,0.2694874576997872,26.36916633700519
2023-09-25 03:30:44,0.2577160379347215,26.80049416772268
2023-09-25 03:30:49,0.2602811736571077,28.391399267271158
2023-09-25 03:30:54,0.272453409189305,29.74352466760112
2023-09-25 03:30:59,0.2826911669132833,26.297870408465943
2023-09-25 03:31:04,0.29660700180164606,23.10208972506702
2023-09-25 03:31:09,0.2892016358135909,25.30939663448338
2023-09-25 03:31:14,0.2849810803745348,28.694653951671587
2023-09-25 03:31:19,0.2836827900830796,28.986815616082513
2023-09-25 03:31:24,0.27716743807721883,25.032543919077977
2023-09-25 03:31:29,0.278035966712414,21.134055280442126
2023-09-25 03:31:34,0.274626384794869,21.352574050881167
2023-09-25 03:31:39,0.2672164431929866,22.15514081970617
2023-09-25 03:31:44,0.26086396125279543,23.221138296069356
2023-09-25 03:31:49,0.2534823982615683,24.11031392603012
2023-09-25 03:31:54,0.25920735344882645,22.446538612699456
2023-09-25 03:31:59,0.26624951689553245,21.83749976239458
2023-09-25 03:32:04,0.27674090967305487,22.055979921933357
2023-09-25 03:32:09,0.2772475019112842,25.11230324326553
2023-09-25 03:32:14,0.2791800710409676,27.952520237275312
2023-09-25 03:32:19,0.286961442101896,30.06010079500531
2023-09-25 03:32:24,0.2892267442723221,36.95450076696152
2023-09-25 03:32:29,0.30211228603101653,33.630961621858205
2023-09-25 03:32:34,0.2930088088001805,36.3516217712292
2023-09-25 03:32:39,0.2953386714563975,33.16236325459252
2023-09-25 03:32:44,0.29285142852541834,32.65784922605773
2023-09-25 03:32:49,0.28907475737515204,34.144516464842845
2023-09-25 03:32:54,0.27420946630965864,31.723734322072374
2023-09-25 03:32:59,0.2651052507627323,30.787012180691995
2023-09-25 03:33:04,0.2743028569725467,30.316634085021466
2023-09-25 03:33:09,0.2778271982940628,31.50074800096435
2023-09-25 03:33:14,0.2691493810704667,26.960097156683823
2023-09-25 03:33:19,0.27501078017603475,29.436512476551027
2023-09-25 03:33:24,0.2720941118207276,31.37888334540389
2023-09-25 03:33:29,0.27695762739480756,32.709292229892306
2023-09-25 03:33:34,0.2814110730846973,34.13787257664138
2023-09-25 03:33:39,0.2728669400875371,31.55372428026399
2023-09-25 03:33:44,0.27375897863754894,27.86435819165484
2023-09-25 03:33:49,0.28205142882586565,30.22639214662162
2023-09-25 03:33:54,0.2824962721529053,30.619871087817163
2023-09-25 03:33:59,0.2792989601762831,28.960157447023708
2023-09-25 03:34:04,0.2865926807631919,28.673214891763813
2023-09-25 03:34:09,0.2884483176176131,31.853253160489803
2023-09-25 03:34:14,0.2755138472063247,31.434533996584843
2023-09-25 03:34:19,0.2658578741890481,32.03941532463998
2023-09-25 03:34:24,0.27036694810304335,31.2129128261253
2023-09-25 03:34:29,0.2714178720095961,29.729835572457844
2023-09-25 03:34:34,0.272820946727005,27.11073008714529
2023-09-25 03:34:39,0.2627584374558682,22.984205575094624
2023-09-25 03:34:44,0.26159367304748293,30.595503658013158
2023-09-25 03:34:49,0.27140192707471095,32.061029886109985
2023-09-25 03:34:54,0.265110788517572,31.750927389454375
2023-09-25 03:34:59,0.26729926961914957,32.86036541341164
2023-09-25 03:35:04,0.2714132727173291,30.873853243727417
2023-09-25 03:35:09,0.26427958256728024,32.91982486726298
2023-09-25 03:35:14,0.2686848449782063,32.68832818129239
2023-09-25 03:35:19,0.2713522439809903,35.04236793204629
2023-09-25 03:35:24,0.2799164919303357,33.905052962135244
2023-09-25 03:35:29,0.2761197827394284,31.166152223038846
2023-09-25 03:35:34,0.2777464121798267,29.54190708302344
2023-09-25 03:35:39,0.263457329517388,25.210492661071054
2023-09-25 03:35:44,0.25078190072460504,27.256493735609105
2023-09-25 03:35:49,0.26182332829862287,33.738960652281506
2023-09-25 03:35:54,0.26552524399161637,33.280391386916676
2023-09-25 03:35:59,0.26504378575258103,33.43528259031122
2023-09-25 03:36:04,0.26405202297259817,29.163213561810984
2023-09-25 03:36:09,0.25501764536940175,26.71839775954235
2023-09-25 03:36:14,0.25149498440706314,27.43364024812302
2023-09-25 03:36:19,0.2611716504614729,23.44428079693534
2023-09-25 03:36:24,0.2673489806600293,23.310100821671423
2023-09-25 03:36:29,0.27426218724824336,24.015179527181385
2023-09-25 03:36:34,0.282930732841722,22.34287745301615
2023-09-25 03:36:39,0.2848806919428884,20.88359677673336
timestamp,vCPU,memory
2023-09-25 03:36:39,0.2848806919428884,20.88359677673336
2023-09-25 03:36:44,0.2881348732238964,19.706008917266196
2023-09-25 03:36:49,0.28853810934802476,20.486253951687907
2023-09-25 03:36:54,0.2869203974520633,20.39837795309515
2023-09-25 03:36:59,0.2795884207860085,20.53219775807421
2023-09-25 03:37:04,0.27958863534096673,23.712576529853912
2023-09-25 03:37:09,0.2839787402207611,29.5495589449574
2023-09-25 03:37:14,0.2755678048330996,24.884594432250044
2023-09-25 03:37:19,0.27343819884399473,30.562127020557703
2023-09-25 03:37:24,0.2659250029845365,33.6491807348162
2023-09-25 03:37:29,0.2605441552706736,36.01954931002969
2023-09-25 03:37:34,0.2586769384235076,34.65707836707338
2023-09-25 03:37:39,0.25957978611540605,30.52420795603776
2023-09-25 03:37:44,0.24869352585791246,28.0128773768652
2023-09-25 03:37:49,0.2607053940487124,30.934472523200682
2023-09-25 03:37:54,0.2623869413940526,30.788865060097912
2023-09-25 03:37:59,0.2664512384539422,30.589015497781386
2023-09-25 03:38:04,0.28619245080209427,33.33759906842016
2023-09-25 03:38:09,0.27581201929970084,27.9088028173172
2023-09-25 03:38:14,0.2768197234433213,29.048628500119957
2023-09-25 03:38:19,0.2793400393507243,30.201981166936065
2023-09-25 03:38:24,0.26314914428856595,31.43995579873704
2023-09-25 03:38:29,0.2586632188852142,28.47383313107992
2023-09-25 03:38:34,0.26783031444333794,27.118019181452453
2023-09-25 03:38:39,0.27395374560306823,25.33077658480816
2023-09-25 03:38:44,0.26838248116640506,28.66647118792462
2023-09-25 03:38:49,0.2790182693678548,27.156315919562083
2023-09-25 03:38:54,0.2791493430046358,24.944846299311937
2023-09-25 03:38:59,0.2854992273478263,24.90007691602543
2023-09-25 03:39:04,0.2881640140166098,22.63733920869852
2023-09-25 03:39:09,0.2798709800584219,21.051615397915985
2023-09-25 03:39:14,0.281837043572825,24.049590521377578
2023-09-25 03:39:19,0.28577800877519105,29.001333767598418
2023-09-25 03:39:24,0.27880144587071815,29.82869099789048
2023-09-25 03:39:29,0.2762841526029904,30.57998436142656
2023-09-25 03:39:34,0.27044868064699407,36.26241935545113
2023-09-25 03:39:39,0.27107132754809316,38.16758521627702
2023-09-25 03:39:44,0.26083916097582743,37.66128190432118
2023-09-25 03:39:49,0.2659809385169295,45.884248629033614
2023-09-25 03:39:54,0.26443259183859064,41.20217306800389
2023-09-25 03:39:59,0.2649702687505429,39.82895132951531
2023-09-25 03:40:04,0.2776710845294043,40.28650327806089
2023-09-25 03:40:09,0.27663208925725247,39.73288838167702
2023-09-25 03:40:14,0.28100939972813516,39.207504592861305
2023-09-25 03:40:19,0.2817462689379869,39.77942150393956
2023-09-25 03:40:24,0.2689449108736253,37.43309647418881
2023-09-25 03:40:29,0.27350605213184165,43.625687607177994
2023-09-25 03:40:34,0.28323492293238567,43.24226723672494
2023-09-25 03:40:39,0.2833730252057406,38.45609820572386
2023-09-25 03:40:44,0.28317399773317403,41.32470912115985
2023-09-25 03:40:49,0.27833161755925184,39.32279294810675
2023-09-25 03:40:54,0.2642363567028213,34.45506041064661
2023-09-25 03:40:59,0.26954989475032826,32.086021386490614
2023-09-25 03:41:04,0.2689816144267828,28.04300852118125
2023-09-25 03:41:09,0.27061027254819897,30.299928894825797
2023-09-25 03:41:14,0.25888203177471053,23.11655480719146
2023-09-25 03:41:19,0.26588807538914333,23.456883304821826
2023-09-25 03:41:24,0.272082502695661,20.796423496802035
2023-09-25 03:41:29,0.26807392714916134,22.73487968837734
2023-09-25 03:41:34,0.263500427782297,29.450078155692683
2023-09-25 03:41:39,0.2608040294123372,28.672102500152725
2023-09-25 03:41:44,0.26678523275447524,28.87523626561105
2023-09-25 03:41:49,0.2727437031548031,29.53755879262674
2023-09-25 03:41:54,0.26180267116462513,31.11662917655091
2023-09-25 03:41:59,0.26650926040713785,33.11638000796021
2023-09-25 03:42:04,0.2784791656868293,36.54025260347963
2023-09-25 03:42:09,0.27746242391894027,34.98177452324729
2023-09-25 03:42:14,0.2680295974958131,32.58577624413826
2023-09-25 03:42:19,0.2761436195827356,34.021903158699175
2023-09-25 03:42:24,0.2808145154064905,31.787794871942573
2023-09-25 03:42:29,0.2906432890124376,30.34166479550145
2023-09-25 03:42:34,0.29347550842331915,34.49759226206405
2023-09-25 03:42:39,0.2870187921789628,32.197842723454556
2023-09-25 03:42:44,0.2844230247733747,30.69849171015871
2023-09-25 03:42:49,0.2906595834869689,26.205769534860742
2023-09-25 03:42:54,0.2906935818799487,24.267343478231236
2023-09-25 03:42:59,0.27674516005497724,24.904624120772578
2023-09-25 03:43:04,0.2807355659176657,22.10171993169787
2023-09-25 03:43:09,0.280494629275379,22.832955546719816
2023-09-25 03:43:14,0.27289540764226267,24.150313714730572
2023-09-25 03:43:19,0.2841861144338046,23.15553524372245
2023-09-25 03:43:24,0.2808756335802794,22.99689799554557
2023-09-25 03:43:29,0.2797083750816202,27.66657642614817
2023-09-25 03:43:34,0.27479751598763624,30.46895172390147
2023-09-25 03:43:39,0.28366890606817186,30.16950888069798
2023-09-25 03:43:44,0.2752201586579373,32.593711846176205
2023-09-25 03:43:49,0.2828757417256949,36.757807695764505
2023-09-25 03:43:54,0.2821663473462285,34.90796582709112
2023-09-25 03:43:59,0.2696679299334917,35.32672761036748
2023-09-25 03:44:04,0.27935421002537714,38.313889697744514
2023-09-25 03:44:09,0.2835127644985231,35.21517422724781
2023-09-25 03:44:14,0.2829249197572228,30.074338323005243
2023-09-25 03:44:19,0.2782334789337463,29.11434062879685
2023-09-25 03:44:24,0.28539581319999763,25.56369382286313
2023-09-25 03:44:29,0.28260403177955573,23.910916210605862
2023-09-25 03:44:34,0.2878527371463091,18.922016960685433
2023-09-25 03:44:39,0.2821500217960025,19.305741807207802
2023-09-25 03:44:44,0.279071989533881,17.79235347228429
2023-09-25 03:44:49,0.27867210186987834,16.63005067223964
2023-09-25 03:44:54,0.26337661057167405,17.68878285289362
2023-09-25 03:44:59,0.2539381725313923,14.36917838557073
2023-09-25 03:45:04,0.23346043657031132,15.61399100440145
2023-09-25 03:45:09,0.21826185945200646,19.28128441354228
2023-09-25 03:45:14,0.20084612332300222,18.824624675232652
2023-09-25 03:45:19,0.19679915143789656,18.35536622026683
2023-09-25 03:45:24,0.1915208338507622,17.782071532753672
2023-09-25 03:45:29,0.18508322336000707,17.91867448453001
2023-09-25 03:45:34,0.1972009532204246,20.273953862257095
2023-09-25 03:45:39,0.20147534466157208,18.913634924769116
2023-09-25 03:45:44,0.19646566454238173,20.7813843586968
2023-09-25 03:45:49,0.2071892861985587,21.85256436740364
2023-09-25 03:45:54,0.19955250738064978,19.974018875545916
2023-09-25 03:45:59,0.20059669411194692,21.41307111598171
2023-09-25 03:46:04,0.19522380328270977,21.904950100266618
2023-09-25 03:46:09,0.1949324994779098,21.508543130512273
2023-09-25 03:46:14,0.1871737340845983,20.588426980789638
2023-09-25 03:46:19,0.202740295644987,20.34615490384853
2023-09-25 03:46:24,0.21021837441231195,21.135296808399787
2023-09-25 03:46:29,0.23266851322829016,22.847541065559884
2023-09-25 03:46:34,0.24224340231405395,24.827251085781587
2023-09-25 03:46:39,0.2502356173116597,25.196338631522156
timestamp,vCPU,memory
2023-09-25 03:46:39,0.2502356173116597,25.196338631522156
2023-09-25 03:46:44,0.24827343732695578,24.886975026428058
2023-09-25 03:46:49,0.2650278957543626,26.193237823775846
2023-09-25 03:46:54,0.2728337398091406,26.71841535035541
2023-09-25 03:46:59,0.27231734379172956,31.751752635503333
2023-09-25 03:47:04,0.27954133200080306,29.109018682886934
2023-09-25 03:47:09,0.2760193607215647,28.085885528429007
2023-09-25 03:47:14,0.2726812442913368,28.922882909741286
2023-09-25 03:47:19,0.2675207520115529,27.983030319557002
2023-09-25 03:47:24,0.271270897827694,29.212755344566844
2023-09-25 03:47:29,0.2696565731573889,26.317159808679435
2023-09-25 03:47:34,0.2764611762588088,30.441947098476717
2023-09-25 03:47:39,0.27418135268369054,27.773548884635442
2023-09-25 03:47:44,0.2731603109884729,23.976049095618883
2023-09-25 03:47:49,0.26841167306927943,25.55628661001205
2023-09-25 03:47:54,0.26677230694927084,22.12844420022185
2023-09-25 03:47:59,0.276046174017293,23.19515589272378
2023-09-25 03:48:04,0.2784491583666332,21.405826608814344
2023-09-25 03:48:09,0.28467490289957725,23.40688744094959
2023-09-25 03:48:14,0.28939568357788054,23.869515211169094
2023-09-25 03:48:19,0.29574682403938957,27.123637969492453
2023-09-25 03:48:24,0.2963528124233649,29.74842797521795
2023-09-25 03:48:29,0.2863336114659291,27.789951624174368
2023-09-25 03:48:34,0.2990512193728211,26.53733930478083
2023-09-25 03:48:39,0.29465077310509385,25.313134276470244
2023-09-25 03:48:44,0.2965658622952909,26.98728438938609
2023-09-25 03:48:49,0.2919344446646364,26.25521479175693
2023-09-25 03:48:54,0.2814244080293435,24.32144711744243
2023-09-25 03:48:59,0.2733517261816891,20.842327706624385
2023-09-25 03:49:04,0.27223284563200995,21.04487655703199
2023-09-25 03:49:09,0.2667181483751081,22.519986788578677
2023-09-25 03:49:14,0.2637474631234673,25.2744855790703
2023-09-25 03:49:19,0.26718681600146643,28.50085938180896
2023-09-25 03:49:24,0.26313930206173136,26.2387822403507
2023-09-25 03:49:29,0.25857929694589005,28.245296457269447
2023-09-25 03:49:34,0.2785672215703702,31.523343272349127
2023-09-25 03:49:39,0.2778190704507924,34.69238093246858
2023-09-25 03:49:44,0.2741095070074273,31.39416289595308
2023-09-25 03:49:49,0.2804914483455426,34.207324867790355
2023-09-25 03:49:54,0.27544714358147365,27.562527865652243
2023-09-25 03:49:59,0.2750378217265903,29.062358878763696
2023-09-25 03:50:04,0.27349671905208744,21.98573676747555
2023-09-25 03:50:09,0.2762760745300656,23.971640812604946
2023-09-25 03:50:14,0.2664184892377753,19.738072282001244
2023-09-25 03:50:19,0.28084327813911436,25.273340053182974
2023-09-25 03:50:24,0.27564309990549557,24.549414492433318
2023-09-25 03:50:29,0.28689968324282034,24.521466753659972
2023-09-25 03:50:34,0.3078588922545562,26.80486674477954
2023-09-25 03:50:39,0.31106978640218824,30.254777824555124
2023-09-25 03:50:44,0.3026782644927645,31.060312203730522
2023-09-25 03:50:49,0.29752420400634294,29.638899823399925
2023-09-25 03:50:54,0.29059243997212697,27.838116525251603
2023-09-25 03:50:59,0.2909859871933173,27.435606005430333
2023-09-25 03:51:04,0.3017459365928959,27.54535831010322
2023-09-25 03:51:09,0.29222530892208237,29.037128361213878
2023-09-25 03:51:14,0.279374741546615,26.139484718795195
2023-09-25 03:51:19,0.2679623662834674,23.789802554794814
2023-09-25 03:51:24,0.26054616392526725,23.145070049508135
2023-09-25 03:51:29,0.249960830051467,21.45445616999394
2023-09-25 03:51:34,0.23954307358715507,22.180975339499046
2023-09-25 03:51:39,0.22269368595001854,21.834731673370513
2023-09-25 03:51:44,0.22259320727840662,22.1366523223974
2023-09-25 03:51:49,0.20351290228314653,21.90944336746869
2023-09-25 03:51:54,0.1983384221735536,20.641691554568922
2023-09-25 03:51:59,0.19825455601848344,20.64802572469245
2023-09-25 03:52:04,0.20428582546645782,22.756169825324744
2023-09-25 03:52:09,0.20164128436462245,25.85360221735147
2023-09-25 03:52:14,0.19517335918555845,23.29380465550093
2023-09-25 03:52:19,0.19577146578359833,22.493064954399063
2023-09-25 03:52:24,0.18993444293248937,18.785037275223946
2023-09-25 03:52:29,0.19022652016608244,21.769839071782076
2023-09-25 03:52:34,0.19196271076107252,17.73960251734902
2023-09-25 03:52:39,0.1947145671244884,18.764548048127658
2023-09-25 03:52:44,0.19407729752691527,19.325730327335826
2023-09-25 03:52:49,0.19035609392469646,19.009920554511716
2023-09-25 03:52:54,0.18633240511562263,18.288328659246613
2023-09-25 03:52:59,0.19027695028181443,21.423434482091302
2023-09-25 03:53:04,0.19624315424351127,23.591018392307543
2023-09-25 03:53:09,0.18654886409511268,21.946919240635346
2023-09-25 03:53:14,0.19902221164090797,22.06356766118764
2023-09-25 03:53:19,0.20576364171305841,22.7206420368774
2023-09-25 03:53:24,0.2207517895275523,25.27136820760558
2023-09-25 03:53:29,0.229511707131865,27.453342895214625
2023-09-25 03:53:34,0.23560920027030566,31.031509333980306
2023-09-25 03:53:39,0.2596477817966026,31.595601033934603
2023-09-25 03:53:44,0.27462311527728545,33.34003660646412
2023-09-25 03:53:49,0.28477437362355895,34.56106777181492
2023-09-25 03:53:54,0.29132089611926654,37.6156965256923
2023-09-25 03:53:59,0.2943590144883964,37.7208307309679
2023-09-25 03:54:04,0.2944656656799057,39.322888827118625
2023-09-25 03:54:09,0.30258460936204,34.90299057886096
2023-09-25 03:54:14,0.29583531756541703,28.3273981807084
2023-09-25 03:54:19,0.30589244376740543,32.53161529113615
2023-09-25 03:54:24,0.29583359668601655,29.594112989999687
2023-09-25 03:54:29,0.28192462458071066,25.541244922040043
2023-09-25 03:54:34,0.2808871202133952,25.5303883730174
2023-09-25 03:54:39,0.2737689803779644,21.489678088334365
2023-09-25 03:54:44,0.27770227895998517,21.853460568665547
2023-09-25 03:54:49,0.2719535950735338,22.823443059533297
2023-09-25 03:54:54,0.27753662659622286,21.910366744469112
2023-09-25 03:54:59,0.279205909341078,24.250815185691966
2023-09-25 03:55:04,0.2849121199435731,24.42964777465187
2023-09-25 03:55:09,0.280586142536132,23.74647343365869
2023-09-25 03:55:14,0.2804647194777334,22.856097386420387
2023-09-25 03:55:19,0.2791425914002448,20.002563175890607
2023-09-25 03:55:24,0.2792186369723436,23.849882750185095
2023-09-25 03:55:29,0.26982329918123393,23.89776558793371
2023-09-25 03:55:34,0.26663264836642214,26.189889002983122
2023-09-25 03:55:39,0.2651486917637885,24.546242490800687
2023-09-25 03:55:44,0.2682444601580288,27.870286144870505
2023-09-25 03:55:49,0.26687934726486107,31.587381656653577
2023-09-25 03:55:54,0.26420643697993335,33.507577978772666
2023-09-25 03:55:59,0.2652657501708652,36.523741148199825
2023-09-25 03:56:04,0.27062397213609013,36.26625037210544
2023-09-25 03:56:09,0.27079233571331834,32.08554162868326
2023-09-25 03:56:14,0.2724434590183393,33.971789610441654
2023-09-25 03:56:19,0.28367765144012913,34.60458708867077
2023-09-25 03:56:24,0.28410972693304193,37.06282594217027
2023-09-25 03:56:29,0.28185202520197644,35.843026089227536
2023-09-25 03:56:34,0.2826140724885047,28.227458617065476
2023-09-25 03:56:39,0.28805344341178174,26.676520447713102
timestamp,vCPU,memory
2023-09-25 03:56:39,0.28805344341178174,26.676520447713102
2023-09-25 03:56:44,0.2812363944518777,27.807559950133307
2023-09-25 03:56:49,0.27478307597866125,27.52339668120453
2023-09-25 03:56:54,0.27323298936041607,25.843395349646954
2023-09-25 03:56:59,0.26785930052174145,25.370549930084234
2023-09-25 03:57:04,0.27764389886186613,21.416245803120486
2023-09-25 03:57:09,0.28494015228446856,23.021005663475638
2023-09-25 03:57:14,0.28235236156126464,22.7409229203718
2023-09-25 03:57:19,0.27587392370899266,24.825693177274005
2023-09-25 03:57:24,0.28781816782145075,27.320819369701688
2023-09-25 03:57:29,0.28035864498452234,25.08457367752529
2023-09-25 03:57:34,0.29396785263808994,26.034861027215612
2023-09-25 03:57:39,0.2911021676506554,27.3195076417732
2023-09-25 03:57:44,0.28930061873511137,26.508259995502133
2023-09-25 03:57:49,0.27908849353256165,24.890214172501626
2023-09-25 03:57:54,0.2659530774277722,25.157113582301058
2023-09-25 03:57:59,0.2572327936526584,22.830120992627577
2023-09-25 03:58:04,0.24312261797243642,24.232087693655743
2023-09-25 03:58:09,0.2348050285566879,20.975696522996525
2023-09-25 03:58:14,0.2125828621422279,23.128162323260458
2023-09-25 03:58:19,0.19856840179537805,23.19632500399271
2023-09-25 03:58:24,0.17578496835106103,27.432706692222702
2023-09-25 03:58:29,0.16547110217253974,27.75303377847799
2023-09-25 03:58:34,0.1531003927581569,30.665568802213492
2023-09-25 03:58:39,0.15342543425921043,29.102487171302784
2023-09-25 03:58:44,0.16019433850600193,32.22747138001399
2023-09-25 03:58:49,0.17793562142856503,31.672932195747286
2023-09-25 03:58:54,0.18857948471617403,32.80048676968509
2023-09-25 03:58:59,0.19318300495929178,27.32404429449354
2023-09-25 03:59:04,0.2141727196237871,26.345518490961727
2023-09-25 03:59:09,0.21781690190325775,23.11666374734185
2023-09-25 03:59:14,0.21696682146476956,24.703395781717592
2023-09-25 03:59:19,0.23689128795391978,22.006485675987044
2023-09-25 03:59:24,0.23995211708818237,22.647615830787643
2023-09-25 03:59:29,0.2438484988952714,20.840804206708714
2023-09-25 03:59:34,0.24578671961887852,21.32016812830619
2023-09-25 03:59:39,0.24517814466081136,22.376952981618814
2023-09-25 03:59:44,0.2431089110574572,22.7287477457531
2023-09-25 03:59:49,0.2365599615217932,23.508295143100582
2023-09-25 03:59:54,0.23975256432454492,22.365331883740758
2023-09-25 03:59:59,0.2357849385202197,23.00266912192591
2023-09-25 04:00:04,0.2471616526023145,24.231468592259557
2023-09-25 04:00:09,0.2420840630012219,22.681312141976505
2023-09-25 04:00:14,0.2390618766329574,25.776310441724224
2023-09-25 04:00:19,0.2406546791532109,30.422005094566195
2023-09-25 04:00:24,0.24598859119173933,28.020390887025062
2023-09-25 04:00:29,0.24349965107937638,28.751716544665594
2023-09-25 04:00:34,0.23976064286997706,31.957445381758813
2023-09-25 04:00:39,0.2415337447281573,30.140421822653735
2023-09-25 04:00:44,0.25044146445568943,30.484197074791112
2023-09-25 04:00:49,0.25239584920832286,32.01148196824741
2023-09-25 04:00:54,0.25068432485255054,31.944139533338223
2023-09-25 04:00:59,0.24979072070739372,35.29243997892364
2023-09-25 04:01:04,0.2558218076419226,34.4139242387831
2023-09-25 04:01:09,0.2527551306264876,37.462383476655084
2023-09-25 04:01:14,0.24586247339348127,35.80473027895258
2023-09-25 04:01:19,0.24794523391670767,34.727650586164444
2023-09-25 04:01:24,0.24892527595617095,34.23818479970722
2023-09-25 04:01:29,0.24270519215857284,31.62001360411293
2023-09-25 04:01:34,0.25094724777209837,31.822813278696497
2023-09-25 04:01:39,0.2519403474376366,30.920493493911117
2023-09-25 04:01:44,0.2511318424866325,25.87976928329511
2023-09-25 04:01:49,0.25554812468917815,24.913384430813533
2023-09-25 04:01:54,0.2446382059747384,23.68194161559789
2023-09-25 04:01:59,0.24430471259450623,24.49052443563863
2023-09-25 04:02:04,0.24399806852938535,23.774082598283524
2023-09-25 04:02:09,0.23186784563629004,24.011979654857754
2023-09-25 04:02:14,0.2294271727232889,19.95247134711831
2023-09-25 04:02:19,0.22823536287594942,18.265965587792405
2023-09-25 04:02:24,0.23373692804585486,18.7237615929151
2023-09-25 04:02:29,0.22899106270446445,21.092986056465172
2023-09-25 04:02:34,0.23046895289909514,24.029053578360962
2023-09-25 04:02:39,0.22418730751555838,25.958239599828637
2023-09-25 04:02:44,0.22111187303369692,22.733295688552495
2023-09-25 04:02:49,0.22547658538439508,24.384912233597046
2023-09-25 04:02:54,0.22077601489194792,28.812811136258837
2023-09-25 04:02:59,0.22062918085057096,31.52200814522677
2023-09-25 04:03:04,0.22246612876345143,32.81751864172176
2023-09-25 04:03:09,0.22974080067258557,29.067422734093377
2023-09-25 04:03:14,0.22827825071207752,25.411669240774927
2023-09-25 04:03:19,0.22859354926055617,26.93736342109442
2023-09-25 04:03:24,0.23471661114398226,33.15532634762706
2023-09-25 04:03:29,0.2550082862462561,36.71863030449528
2023-09-25 04:03:34,0.25540129350359525,33.57147303853245
2023-09-25 04:03:39,0.25000393289513545,30.06391357711852
2023-09-25 04:03:44,0.2481664870175401,30.754222363396728
2023-09-25 04:03:49,0.25035977284180083,26.274646253148575
2023-09-25 04:03:54,0.24330073682192607,27.30417652138062
2023-09-25 04:03:59,0.24565295608724286,26.45281494687365
2023-09-25 04:04:04,0.24054480259288036,25.474101824094898
2023-09-25 04:04:09,0.23613136598112922,26.441890586788116
2023-09-25 04:04:14,0.229627690756337,23.55908971394336
2023-09-25 04:04:19,0.22959171664609684,24.352481322643435
2023-09-25 04:04:24,0.23288579604186604,25.411638796834275
2023-09-25 04:04:29,0.22765438490255202,25.14470034627036
2023-09-25 04:04:34,0.23158131373360455,25.690216879977832
2023-09-25 04:04:39,0.23380943169372745,32.644667237743946
2023-09-25 04:04:44,0.24198463322045125,33.87209158555695
2023-09-25 04:04:49,0.24411804474197057,36.799294281994165
2023-09-25 04:04:54,0.25039775423694466,37.2357846896877
2023-09-25 04:04:59,0.2582707365480936,37.46842314375098
2023-09-25 04:05:04,0.2702265772318539,31.197654260021178
2023-09-25 04:05:09,0.26672579116035167,26.588136313010146
2023-09-25 04:05:14,0.2722550928933606,30.803377457202274
2023-09-25 04:05:19,0.2702677560027852,30.436140910307355
2023-09-25 04:05:24,0.2639065381564883,28.323842730413578
2023-09-25 04:05:29,0.2628865155753129,23.192984050513775
2023-09-25 04:05:34,0.2567236206258564,26.280977434156576
2023-09-25 04:05:39,0.2501526592043291,25.138432652927815
2023-09-25 04:05:44,0.2506935169170497,27.7203839547094
2023-09-25 04:05:49,0.24556827596859185,30.348392784156914
2023-09-25 04:05:54,0.23748963448773544,31.998444043004245
2023-09-25 04:05:59,0.2398994414710449,33.89863134667903
2023-09-25 04:06:04,0.2395191930886502,30.876436839313985
2023-09-25 04:06:09,0.2370956850933148,27.269696820257764
2023-09-25 04:06:14,0.23328325289806967,29.886864010394028
2023-09-25 04:06:19,0.2426584294340767,34.719828710974454
2023-09-25 04:06:24,0.2537532902205718,36.30173976920765
2023-09-25 04:06:29,0.24929903943536458,35.75308020671833
2023-09-25 04:06:34,0.24756647994420997,34.007721081436955
2023-09-25 04:06:39,0.2562976251236079,34.26372653373
